This is LuaHBTeX, Version 1.22.0 (TeX Live 2025/nixos.org)  (format=lualatex 1980.1.1)  17 JUL 2026 22:03
 restricted system commands enabled.
 file:line:error style messages enabled.
**/home/tam/projects/content-moderation/docs/main
(/home/tam/projects/content-moderation/docs/main.tex
LaTeX2e <2025-11-01>
L3 programming layer <2026-01-19>
Lua module: luaotfload 2024-12-03 v3.29 Lua based OpenType font support
Lua module: lualibs 2023-07-13 v2.76 ConTeXt Lua standard libraries.
Lua module: lualibs-extended 2023-07-13 v2.76 ConTeXt Lua libraries -- extended collection.
luaotfload | conf : Root cache directory is "/home/tam/.texlive2025/texmf-var/luatex-cache/generic/names".
luaotfload | init : Loading fontloader "fontloader-2023-12-28.lua" from kpse-resolved path "/nix/store/46cm4s2yjrlqhwdswp8bg41kprgxw59q-texlive-2025-r78234-final-env-texmfdist/tex/luatex/luaotfload/fontloader-2023-12-28.lua".
Lua-only attribute luaotfload@noligature = 1
luaotfload | init : Context OpenType loader version 3.134
Inserting `luaotfload.node_processor' in `pre_linebreak_filter'.
Inserting `luaotfload.node_processor' in `hpack_filter'.
Inserting `luaotfload.glyph_stream' in `glyph_stream_provider'.
Inserting `luaotfload.define_font' in `define_font'.
Lua-only attribute luaotfload_color_attribute = 2
luaotfload | conf : Root cache directory is "/home/tam/.texlive2025/texmf-var/luatex-cache/generic/names".
Inserting `luaotfload.harf.strip_prefix' in `find_opentype_file'.
Inserting `luaotfload.harf.strip_prefix' in `find_truetype_file'.
Removing  `luaotfload.glyph_stream' from `glyph_stream_provider'.
Inserting `luaotfload.harf.glyphstream' in `glyph_stream_provider'.
Inserting `luaotfload.harf.finalize_vlist' in `post_linebreak_filter'.
Inserting `luaotfload.harf.finalize_hlist' in `hpack_filter'.
Inserting `luaotfload.cleanup_files' in `wrapup_run'.
Inserting `luaotfload.harf.finalize_unicode' in `finish_pdffile'.
Inserting `luaotfload.glyphinfo' in `glyph_info'.
Lua-only attribute luaotfload.letterspace_done = 3
Inserting `luaotfload.aux.set_sscale_dimens' in `luaotfload.patch_font'.
Inserting `luaotfload.aux.set_font_index' in `luaotfload.patch_font'.
Inserting `luaotfload.aux.patch_cambria_domh' in `luaotfload.patch_font'.
Inserting `luaotfload.aux.fixup_fontdata' in `luaotfload.patch_font_unsafe'.
Inserting `luaotfload.aux.set_capheight' in `luaotfload.patch_font'.
Inserting `luaotfload.aux.set_xheight' in `luaotfload.patch_font'.
Inserting `luaotfload.rewrite_fontname' in `luaotfload.patch_font'.
Inserting `tracingstacklevels' in `input_level_string'. (/nix/store/46cm4s2yjrlqhwdswp8bg41kprgxw59q-texlive-2025-r78234-final-env-texmfdist/tex/latex/tuda-ci/tudapub.cls
Document Class: tudapub 2025-11-13 v4.05 Publications using TU Darmstadt's Corporate Design (TUDa-CI)
(/nix/store/46cm4s2yjrlqhwdswp8bg41kprgxw59q-texlive-2025-r78234-final-env-texmfdist/tex/latex/urcls/URspecialopts.sty (/nix/store/46cm4s2yjrlqhwdswp8bg41kprgxw59q-texlive-2025-r78234-final-env-texmfdist/tex/latex/l3kernel/expl3.sty
Package: expl3 2026-01-19 L3 programming layer (loader) 
 (/nix/store/46cm4s2yjrlqhwdswp8bg41kprgxw59q-texlive-2025-r78234-final-env-texmfdist/tex/latex/l3backend/l3backend-luatex.def
File: l3backend-luatex.def 2025-10-09 L3 backend support: PDF output (LuaTeX)
\l__color_backend_stack_int=\count273
Inserting `l3color' in `luaotfload.parse_color'.))
Package: URspecialopts 2019/01/22 v2.1 Implementation of keyval-options accepting multiple values as grouped clists
 (/nix/store/46cm4s2yjrlqhwdswp8bg41kprgxw59q-texlive-2025-r78234-final-env-texmfdist/tex/latex/l3packages/l3keys2e/l3keys2e.sty
Package: l3keys2e 2025-10-09 LaTeX2e option processing using LaTeX3 keys
) (/nix/store/46cm4s2yjrlqhwdswp8bg41kprgxw59q-texlive-2025-r78234-final-env-texmfdist/tex/latex/l3packages/xparse/xparse.sty
Package: xparse 2025-10-09 L3 Experimental document command parser
))
\g_ptxcd_ruledheaders_int=\count274
\g_ptxcd_paper_int=\count275
 (/nix/store/46cm4s2yjrlqhwdswp8bg41kprgxw59q-texlive-2025-r78234-final-env-texmfdist/tex/latex/koma-script/scrartcl.cls
Document Class: scrartcl 2026/02/02 v3.49.2 KOMA-Script document class (article)
(/nix/store/46cm4s2yjrlqhwdswp8bg41kprgxw59q-texlive-2025-r78234-final-env-texmfdist/tex/latex/koma-script/scrkbase.sty
Package: scrkbase 2026/02/02 v3.49.2 KOMA-Script package (KOMA-Script-dependent basics and keyval usage)
 (/nix/store/46cm4s2yjrlqhwdswp8bg41kprgxw59q-texlive-2025-r78234-final-env-texmfdist/tex/latex/koma-script/scrbase.sty
Package: scrbase 2026/02/02 v3.49.2 KOMA-Script package (KOMA-Script-independent basics and keyval usage)
 (/nix/store/46cm4s2yjrlqhwdswp8bg41kprgxw59q-texlive-2025-r78234-final-env-texmfdist/tex/latex/koma-script/scrlfile.sty
Package: scrlfile 2026/02/02 v3.49.2 KOMA-Script package (file load hooks)
 (/nix/store/46cm4s2yjrlqhwdswp8bg41kprgxw59q-texlive-2025-r78234-final-env-texmfdist/tex/latex/koma-script/scrlfile-hook.sty
Package: scrlfile-hook 2026/02/02 v3.49.2 KOMA-Script package (using LaTeX hooks)
 (/nix/store/46cm4s2yjrlqhwdswp8bg41kprgxw59q-texlive-2025-r78234-final-env-texmfdist/tex/latex/koma-script/scrlogo.sty
Package: scrlogo 2026/02/02 v3.49.2 KOMA-Script package (logo)
))) (/nix/store/46cm4s2yjrlqhwdswp8bg41kprgxw59q-texlive-2025-r78234-final-env-texmfdist/tex/latex/graphics/keyval.sty
Package: keyval 2022/05/29 v1.15 key=value parser (DPC)
\KV@toks@=\toks17
)
Applying: [2021/05/01] Usage of raw or classic option list on input line 254.
Already applied: [0000/00/00] Usage of raw or classic option list on input line 370.
)) (/nix/store/46cm4s2yjrlqhwdswp8bg41kprgxw59q-texlive-2025-r78234-final-env-texmfdist/tex/latex/koma-script/tocbasic.sty
Package: tocbasic 2026/02/02 v3.49.2 KOMA-Script package (handling toc-files)
\scr@dte@tocline@numberwidth=\skip49
\scr@dte@tocline@numbox=\box53
)
Package tocbasic Info: omitting babel extension for `toc'
(tocbasic)             because of feature `nobabel' available
(tocbasic)             for `toc' on input line 141.
Class scrartcl Info: File `tudasize9pt.clo' used to setup font sizes on input line 2489.
 (/nix/store/46cm4s2yjrlqhwdswp8bg41kprgxw59q-texlive-2025-r78234-final-env-texmfdist/tex/latex/tuda-ci/tudasize9pt.clo
File: tudasize9pt.clo  TUDa-CI font size class option (9pt) 
luaotfload | db : Font names database loaded from /home/tam/.texlive2025/texmf-var/luatex-cache/generic/names/luaotfload-names.luc.gz) (/nix/store/46cm4s2yjrlqhwdswp8bg41kprgxw59q-texlive-2025-r78234-final-env-texmfdist/tex/latex/koma-script/typearea.sty
Package: typearea 2026/02/02 v3.49.2 KOMA-Script package (type area)
\ta@bcor=\skip50
\ta@div=\count276
\ta@hblk=\skip51
\ta@vblk=\skip52
\ta@temp=\skip53
\footheight=\skip54


Package typearea Info: DIV calculation for classic typearea. on input line 1810.

Package typearea Info: These are the values describing the layout:
(typearea)             DIV  = 6
(typearea)             BCOR = 0.0pt
(typearea)             \paperwidth      = 597.50793pt
(typearea)              \textwidth      = 298.75397pt
(typearea)              DIV departure   = 2%
(typearea)              \evensidemargin = 77.107pt
(typearea)              \oddsidemargin  = 77.107pt
(typearea)             \paperheight     = 845.04694pt
(typearea)              \textheight     = 425.09988pt
(typearea)              \topmargin      = 38.4587pt
(typearea)              \headheight     = 13.68748pt
(typearea)              \headsep        = 16.42499pt
(typearea)              \topskip        = 9.0pt
(typearea)              \footskip       = 38.32497pt
(typearea)              \baselineskip   = 10.95pt
(typearea)              on input line 1810.
)
\c_scrartcl_cmdhook_cctab=\catcodetable14
\c@part=\count277
\c@section=\count278
\c@subsection=\count279
\c@subsubsection=\count280
\c@paragraph=\count281
\c@subparagraph=\count282
\scr@dte@section@maxnumwidth=\skip55
Class scrartcl Info: using compatibility default `runin=bysign'
(scrartcl)           for `\section on input line 5015.
Class scrartcl Info: using compatibility default `afterindent=bysign'
(scrartcl)           for `\section on input line 5015.
\scr@dte@part@maxnumwidth=\skip56
Class scrartcl Info: using compatibility default `afterindent=false'
(scrartcl)           for `\part on input line 5023.
\scr@dte@subsection@maxnumwidth=\skip57
Class scrartcl Info: using compatibility default `runin=bysign'
(scrartcl)           for `\subsection on input line 5033.
Class scrartcl Info: using compatibility default `afterindent=bysign'
(scrartcl)           for `\subsection on input line 5033.
\scr@dte@subsubsection@maxnumwidth=\skip58
Class scrartcl Info: using compatibility default `runin=bysign'
(scrartcl)           for `\subsubsection on input line 5043.
Class scrartcl Info: using compatibility default `afterindent=bysign'
(scrartcl)           for `\subsubsection on input line 5043.
\scr@dte@paragraph@maxnumwidth=\skip59
Class scrartcl Info: using compatibility default `runin=bysign'
(scrartcl)           for `\paragraph on input line 5054.
Class scrartcl Info: using compatibility default `afterindent=bysign'
(scrartcl)           for `\paragraph on input line 5054.
\scr@dte@subparagraph@maxnumwidth=\skip60
Class scrartcl Info: using compatibility default `runin=bysign'
(scrartcl)           for `\subparagraph on input line 5064.
Class scrartcl Info: using compatibility default `afterindent=bysign'
(scrartcl)           for `\subparagraph on input line 5064.
\abovecaptionskip=\skip61
\belowcaptionskip=\skip62
\c@pti@nb@sid@b@x=\box54
Package tocbasic Info: omitting babel extension for `lof'
(tocbasic)             because of feature `nobabel' available
(tocbasic)             for `lof' on input line 6287.
\scr@dte@figure@maxnumwidth=\skip63
\c@figure=\count283
Package tocbasic Info: omitting babel extension for `lot'
(tocbasic)             because of feature `nobabel' available
(tocbasic)             for `lot' on input line 6299.
\scr@dte@table@maxnumwidth=\skip64
\c@table=\count284
Class scrartcl Info: Redefining `\numberline' on input line 6469.
\bibindent=\dimen147
) (/nix/store/46cm4s2yjrlqhwdswp8bg41kprgxw59q-texlive-2025-r78234-final-env-texmfdist/tex/latex/tuda-ci/tudafonts.sty
Package: tudafonts 2025-11-13 4.05 font setup for TUDa-CI, TU Darmstadt's Corporate Design
 (/nix/store/46cm4s2yjrlqhwdswp8bg41kprgxw59q-texlive-2025-r78234-final-env-texmfdist/tex/generic/iftex/iftex.sty
Package: iftex 2024/12/12 v1.0g TeX engine tests
) (/nix/store/46cm4s2yjrlqhwdswp8bg41kprgxw59q-texlive-2025-r78234-final-env-texmfdist/tex/latex/anyfontsize/anyfontsize.sty
Package: anyfontsize 2007/11/22 anyfontsize.sty by pts
) (/nix/store/46cm4s2yjrlqhwdswp8bg41kprgxw59q-texlive-2025-r78234-final-env-texmfdist/tex/latex/fontspec/fontspec.sty
Package: fontspec 2025/09/29 v2.9g Font selection for XeLaTeX and LuaLaTeX
Lua module: fontspec 2025/09/29 v2.9g Font selection for XeLaTeX and LuaLaTeX (/nix/store/46cm4s2yjrlqhwdswp8bg41kprgxw59q-texlive-2025-r78234-final-env-texmfdist/tex/latex/fontspec/fontspec-luatex.sty
Package: fontspec-luatex 2025/09/29 v2.9g Font selection for XeLaTeX and LuaLaTeX
\l__fontspec_script_int=\count285
\l__fontspec_language_int=\count286
\l__fontspec_strnum_int=\count287
\l__fontspec_tmp_int=\count288
\l__fontspec_tmpa_int=\count289
\l__fontspec_tmpb_int=\count290
\l__fontspec_tmpc_int=\count291
\l__fontspec_em_int=\count292
\l__fontspec_emdef_int=\count293
\l__fontspec_strong_int=\count294
\l__fontspec_strongdef_int=\count295
\l__fontspec_tmpa_dim=\dimen148
\l__fontspec_tmpb_dim=\dimen149
\l__fontspec_tmpc_dim=\dimen150
 (/nix/store/46cm4s2yjrlqhwdswp8bg41kprgxw59q-texlive-2025-r78234-final-env-texmfdist/tex/latex/base/fontenc.sty
Package: fontenc 2025/07/18 v2.1d Standard LaTeX package
) (/nix/store/46cm4s2yjrlqhwdswp8bg41kprgxw59q-texlive-2025-r78234-final-env-texmfdist/tex/latex/fontspec/fontspec.cfg))) (/nix/store/46cm4s2yjrlqhwdswp8bg41kprgxw59q-texlive-2025-r78234-final-env-texmfdist/tex/latex/xcharter/XCharter.fontspec)

Package fontspec Info: 
(fontspec)             Font family 'XCharter(0)' created for font 'XCharter'
(fontspec)             with options [Ligatures=TeX,Extension =
(fontspec)             .otf,UprightFont = XCharter-Roman,BoldFont =
(fontspec)             XCharter-Bold,ItalicFont =
(fontspec)             XCharter-Italic,BoldItalicFont =
(fontspec)             XCharter-BoldItalic,SlantedFont =
(fontspec)             XCharter-Slanted,BoldSlantedFont =
(fontspec)             XCharter-BoldSlanted,SmallCapsFeatures =
(fontspec)             {Letters=SmallCaps}].
(fontspec)              
(fontspec)              This font family consists of the following NFSS
(fontspec)             series/shapes:
(fontspec)              
(fontspec)             - 'normal' (m/n) with NFSS spec.:
(fontspec)             <->"[XCharter-Roman.otf]:mode=node;script=latn;language=dflt;+tlig;"
(fontspec)             - 'small caps'  (m/sc) with NFSS spec.:
(fontspec)             <->"[XCharter-Roman.otf]:mode=node;script=latn;language=dflt;+tlig;+smcp;"
(fontspec)             - 'bold' (b/n) with NFSS spec.:
(fontspec)             <->"[XCharter-Bold.otf]:mode=node;script=latn;language=dflt;+tlig;"
(fontspec)             - 'bold small caps'  (b/sc) with NFSS spec.:
(fontspec)             <->"[XCharter-Bold.otf]:mode=node;script=latn;language=dflt;+tlig;+smcp;"
(fontspec)             - 'italic' (m/it) with NFSS spec.:
(fontspec)             <->"[XCharter-Italic.otf]:mode=node;script=latn;language=dflt;+tlig;"
(fontspec)             - 'italic small caps'  (m/scit) with NFSS spec.:
(fontspec)             <->"[XCharter-Italic.otf]:mode=node;script=latn;language=dflt;+tlig;+smcp;"
(fontspec)             - 'slanted' (m/sl) with NFSS spec.:
(fontspec)             <->"[XCharter-Slanted.otf]:mode=node;script=latn;language=dflt;+tlig;"
(fontspec)             - 'slanted small caps'  (m/scsl) with NFSS spec.:
(fontspec)             <->"[XCharter-Slanted.otf]:mode=node;script=latn;language=dflt;+tlig;+smcp;"
(fontspec)             - 'bold italic' (b/it) with NFSS spec.:
(fontspec)             <->"[XCharter-BoldItalic.otf]:mode=node;script=latn;language=dflt;+tlig;"
(fontspec)             - 'bold italic small caps'  (b/scit) with NFSS spec.:
(fontspec)             <->"[XCharter-BoldItalic.otf]:mode=node;script=latn;language=dflt;+tlig;+smcp;"
(fontspec)             - 'bold slanted' (b/sl) with NFSS spec.:
(fontspec)             <->"[XCharter-BoldSlanted.otf]:mode=node;script=latn;language=dflt;+tlig;"
(fontspec)             - 'bold slanted small caps'  (b/scsl) with NFSS spec.:
(fontspec)             <->"[XCharter-BoldSlanted.otf]:mode=node;script=latn;language=dflt;+tlig;+smcp;"

 (/nix/store/46cm4s2yjrlqhwdswp8bg41kprgxw59q-texlive-2025-r78234-final-env-texmfdist/tex/latex/roboto/roboto.sty
Package: roboto 2022/09/10 (Bob Tennent) Supports Roboto fonts for all LaTeX engines.
 (/nix/store/46cm4s2yjrlqhwdswp8bg41kprgxw59q-texlive-2025-r78234-final-env-texmfdist/tex/generic/iftex/ifxetex.sty
Package: ifxetex 2019/10/25 v0.7 ifxetex legacy package. Use iftex instead.
) (/nix/store/46cm4s2yjrlqhwdswp8bg41kprgxw59q-texlive-2025-r78234-final-env-texmfdist/tex/generic/iftex/ifluatex.sty
Package: ifluatex 2019/10/25 v1.5 ifluatex legacy package. Use iftex instead.
) (/nix/store/46cm4s2yjrlqhwdswp8bg41kprgxw59q-texlive-2025-r78234-final-env-texmfdist/tex/latex/xkeyval/xkeyval.sty
Package: xkeyval 2025/11/04 v2.10 package option processing (HA)
 (/nix/store/46cm4s2yjrlqhwdswp8bg41kprgxw59q-texlive-2025-r78234-final-env-texmfdist/tex/generic/xkeyval/xkeyval.tex (/nix/store/46cm4s2yjrlqhwdswp8bg41kprgxw59q-texlive-2025-r78234-final-env-texmfdist/tex/generic/xkeyval/xkvutils.tex
\XKV@toks=\toks18
\XKV@tempa@toks=\toks19
\XKV@tempb@toks=\toks20
)
\XKV@depth=\count296
File: xkeyval.tex 2014/12/03 v2.7a key=value parser (HA)
)) (/nix/store/46cm4s2yjrlqhwdswp8bg41kprgxw59q-texlive-2025-r78234-final-env-texmfdist/tex/latex/base/textcomp.sty
Package: textcomp 2024/04/24 v2.1b Standard LaTeX package
)

Package fontspec Info: 
(fontspec)             Roboto-Regular scale = 1.


Package fontspec Info: 
(fontspec)             Roboto-Regular scale = 1.


Package fontspec Info: 
(fontspec)             Roboto-Regular scale = 1.


Package fontspec Info: 
(fontspec)             Roboto-Bold scale = 1.


Package fontspec Info: 
(fontspec)             Roboto-Bold scale = 1.


Package fontspec Info: 
(fontspec)             Roboto-Italic scale = 1.


Package fontspec Info: 
(fontspec)             Roboto-Italic scale = 1.


Package fontspec Info: 
(fontspec)             Roboto-BoldItalic scale = 1.


Package fontspec Info: 
(fontspec)             Roboto-BoldItalic scale = 1.


Package fontspec Info: 
(fontspec)             Font family 'Roboto(0)' created for font 'Roboto' with
(fontspec)             options [Ligatures = TeX,Scale = 1,Extension =
(fontspec)             .otf,Ligatures=TeX,Numbers =
(fontspec)             {Proportional,Lining},UprightFont =
(fontspec)             *-Regular,ItalicFont = *-Italic,BoldFont =
(fontspec)             *-Bold,BoldItalicFont = *-BoldItalic].
(fontspec)              
(fontspec)              This font family consists of the following NFSS
(fontspec)             series/shapes:
(fontspec)              
(fontspec)             - 'normal' (m/n) with NFSS spec.:
(fontspec)             <->s*[1]"[Roboto-Regular.otf]:mode=node;script=latn;language=dflt;+tlig;+pnum;+lnum;"
(fontspec)             - 'small caps'  (m/sc) with NFSS spec.:
(fontspec)             <->s*[1]"[Roboto-Regular.otf]:mode=node;script=latn;language=dflt;+tlig;+pnum;+lnum;+smcp;"
(fontspec)             - 'bold' (b/n) with NFSS spec.:
(fontspec)             <->s*[1]"[Roboto-Bold.otf]:mode=node;script=latn;language=dflt;+tlig;+pnum;+lnum;"
(fontspec)             - 'bold small caps'  (b/sc) with NFSS spec.:
(fontspec)             <->s*[1]"[Roboto-Bold.otf]:mode=node;script=latn;language=dflt;+tlig;+pnum;+lnum;+smcp;"
(fontspec)             - 'italic' (m/it) with NFSS spec.:
(fontspec)             <->s*[1]"[Roboto-Italic.otf]:mode=node;script=latn;language=dflt;+tlig;+pnum;+lnum;"
(fontspec)             - 'italic small caps'  (m/scit) with NFSS spec.:
(fontspec)             <->s*[1]"[Roboto-Italic.otf]:mode=node;script=latn;language=dflt;+tlig;+pnum;+lnum;+smcp;"
(fontspec)             - 'bold italic' (b/it) with NFSS spec.:
(fontspec)             <->s*[1]"[Roboto-BoldItalic.otf]:mode=node;script=latn;language=dflt;+tlig;+pnum;+lnum;"
(fontspec)             - 'bold italic small caps'  (b/scit) with NFSS spec.:
(fontspec)             <->s*[1]"[Roboto-BoldItalic.otf]:mode=node;script=latn;language=dflt;+tlig;+pnum;+lnum;+smcp;"


Package fontspec Info: 
(fontspec)             Roboto-Regular scale = 1.


Package fontspec Info: 
(fontspec)             Roboto-Regular scale = 1.


Package fontspec Info: 
(fontspec)             Roboto-Regular scale = 1.


Package fontspec Info: 
(fontspec)             Roboto-Bold scale = 1.


Package fontspec Info: 
(fontspec)             Roboto-Bold scale = 1.


Package fontspec Info: 
(fontspec)             Roboto-Italic scale = 1.


Package fontspec Info: 
(fontspec)             Roboto-Italic scale = 1.


Package fontspec Info: 
(fontspec)             Roboto-BoldItalic scale = 1.


Package fontspec Info: 
(fontspec)             Roboto-BoldItalic scale = 1.


Package fontspec Info: 
(fontspec)             Font family 'Roboto(1)' created for font 'Roboto' with
(fontspec)             options [Ligatures = TeX,Scale = 1,Extension =
(fontspec)             .otf,Numbers = {Proportional,Lining},UprightFont =
(fontspec)             *-Regular,ItalicFont = *-Italic,BoldFont =
(fontspec)             *-Bold,BoldItalicFont = *-BoldItalic].
(fontspec)              
(fontspec)              This font family consists of the following NFSS
(fontspec)             series/shapes:
(fontspec)              
(fontspec)             - 'normal' (m/n) with NFSS spec.:
(fontspec)             <->s*[1]"[Roboto-Regular.otf]:mode=node;script=latn;language=dflt;+tlig;+pnum;+lnum;"
(fontspec)             - 'small caps'  (m/sc) with NFSS spec.:
(fontspec)             <->s*[1]"[Roboto-Regular.otf]:mode=node;script=latn;language=dflt;+tlig;+pnum;+lnum;+smcp;"
(fontspec)             - 'bold' (b/n) with NFSS spec.:
(fontspec)             <->s*[1]"[Roboto-Bold.otf]:mode=node;script=latn;language=dflt;+tlig;+pnum;+lnum;"
(fontspec)             - 'bold small caps'  (b/sc) with NFSS spec.:
(fontspec)             <->s*[1]"[Roboto-Bold.otf]:mode=node;script=latn;language=dflt;+tlig;+pnum;+lnum;+smcp;"
(fontspec)             - 'italic' (m/it) with NFSS spec.:
(fontspec)             <->s*[1]"[Roboto-Italic.otf]:mode=node;script=latn;language=dflt;+tlig;+pnum;+lnum;"
(fontspec)             - 'italic small caps'  (m/scit) with NFSS spec.:
(fontspec)             <->s*[1]"[Roboto-Italic.otf]:mode=node;script=latn;language=dflt;+tlig;+pnum;+lnum;+smcp;"
(fontspec)             - 'bold italic' (b/it) with NFSS spec.:
(fontspec)             <->s*[1]"[Roboto-BoldItalic.otf]:mode=node;script=latn;language=dflt;+tlig;+pnum;+lnum;"
(fontspec)             - 'bold italic small caps'  (b/scit) with NFSS spec.:
(fontspec)             <->s*[1]"[Roboto-BoldItalic.otf]:mode=node;script=latn;language=dflt;+tlig;+pnum;+lnum;+smcp;"


Package fontspec Info: 
(fontspec)             RobotoCondensed-Regular scale = 1.


Package fontspec Info: 
(fontspec)             RobotoCondensed-Regular scale = 1.


Package fontspec Info: 
(fontspec)             RobotoCondensed-Regular scale = 1.


Package fontspec Info: 
(fontspec)             RobotoCondensed-Bold scale = 1.


Package fontspec Info: 
(fontspec)             RobotoCondensed-Bold scale = 1.


Package fontspec Info: 
(fontspec)             RobotoCondensed-Italic scale = 1.


Package fontspec Info: 
(fontspec)             RobotoCondensed-Italic scale = 1.


Package fontspec Info: 
(fontspec)             RobotoCondensed-BoldItalic scale = 1.


Package fontspec Info: 
(fontspec)             RobotoCondensed-BoldItalic scale = 1.


Package fontspec Info: 
(fontspec)             Font family 'RobotoCondensed(0)' created for font
(fontspec)             'RobotoCondensed' with options [Ligatures = TeX,Scale =
(fontspec)             1,Extension = .otf,Numbers =
(fontspec)             {Proportional,Lining},UprightFont =
(fontspec)             *-Regular,ItalicFont = *-Italic,BoldFont =
(fontspec)             *-Bold,BoldItalicFont = *-BoldItalic].
(fontspec)              
(fontspec)              This font family consists of the following NFSS
(fontspec)             series/shapes:
(fontspec)              
(fontspec)             - 'normal' (m/n) with NFSS spec.:
(fontspec)             <->s*[1]"[RobotoCondensed-Regular.otf]:mode=node;script=latn;language=dflt;+tlig;+pnum;+lnum;"
(fontspec)             - 'small caps'  (m/sc) with NFSS spec.:
(fontspec)             <->s*[1]"[RobotoCondensed-Regular.otf]:mode=node;script=latn;language=dflt;+tlig;+pnum;+lnum;+smcp;"
(fontspec)             - 'bold' (b/n) with NFSS spec.:
(fontspec)             <->s*[1]"[RobotoCondensed-Bold.otf]:mode=node;script=latn;language=dflt;+tlig;+pnum;+lnum;"
(fontspec)             - 'bold small caps'  (b/sc) with NFSS spec.:
(fontspec)             <->s*[1]"[RobotoCondensed-Bold.otf]:mode=node;script=latn;language=dflt;+tlig;+pnum;+lnum;+smcp;"
(fontspec)             - 'italic' (m/it) with NFSS spec.:
(fontspec)             <->s*[1]"[RobotoCondensed-Italic.otf]:mode=node;script=latn;language=dflt;+tlig;+pnum;+lnum;"
(fontspec)             - 'italic small caps'  (m/scit) with NFSS spec.:
(fontspec)             <->s*[1]"[RobotoCondensed-Italic.otf]:mode=node;script=latn;language=dflt;+tlig;+pnum;+lnum;+smcp;"
(fontspec)             - 'bold italic' (b/it) with NFSS spec.:
(fontspec)             <->s*[1]"[RobotoCondensed-BoldItalic.otf]:mode=node;script=latn;language=dflt;+tlig;+pnum;+lnum;"
(fontspec)             - 'bold italic small caps'  (b/scit) with NFSS spec.:
(fontspec)             <->s*[1]"[RobotoCondensed-BoldItalic.otf]:mode=node;script=latn;language=dflt;+tlig;+pnum;+lnum;+smcp;"


Package fontspec Info: 
(fontspec)             RobotoCondensed-Bold scale = 1.


Package fontspec Info: 
(fontspec)             RobotoCondensed-Bold scale = 1.


Package fontspec Info: 
(fontspec)             RobotoCondensed-Bold scale = 1.


Package fontspec Info: 
(fontspec)             RobotoCondensed-Bold scale = 1.


Package fontspec Info: 
(fontspec)             RobotoCondensed-Bold scale = 1.


Package fontspec Info: 
(fontspec)             RobotoCondensed-BoldItalic scale = 1.


Package fontspec Info: 
(fontspec)             RobotoCondensed-BoldItalic scale = 1.


Package fontspec Info: 
(fontspec)             RobotoCondensed-BoldItalic scale = 1.


Package fontspec Info: 
(fontspec)             RobotoCondensed-BoldItalic scale = 1.


Package fontspec Info: 
(fontspec)             Font family 'RobotoCondensed(1)' created for font
(fontspec)             'RobotoCondensed' with options [Ligatures = TeX,Scale =
(fontspec)             1,Extension = .otf,Numbers =
(fontspec)             {Proportional,Lining},UprightFont = *-Bold,ItalicFont =
(fontspec)             *-BoldItalic,BoldFont = *-Bold,BoldItalicFont =
(fontspec)             *-BoldItalic].
(fontspec)              
(fontspec)              This font family consists of the following NFSS
(fontspec)             series/shapes:
(fontspec)              
(fontspec)             - 'normal' (m/n) with NFSS spec.:
(fontspec)             <->s*[1]"[RobotoCondensed-Bold.otf]:mode=node;script=latn;language=dflt;+tlig;+pnum;+lnum;"
(fontspec)             - 'small caps'  (m/sc) with NFSS spec.:
(fontspec)             <->s*[1]"[RobotoCondensed-Bold.otf]:mode=node;script=latn;language=dflt;+tlig;+pnum;+lnum;+smcp;"
(fontspec)             - 'bold' (b/n) with NFSS spec.:
(fontspec)             <->s*[1]"[RobotoCondensed-Bold.otf]:mode=node;script=latn;language=dflt;+tlig;+pnum;+lnum;"
(fontspec)             - 'bold small caps'  (b/sc) with NFSS spec.:
(fontspec)             <->s*[1]"[RobotoCondensed-Bold.otf]:mode=node;script=latn;language=dflt;+tlig;+pnum;+lnum;+smcp;"
(fontspec)             - 'italic' (m/it) with NFSS spec.:
(fontspec)             <->s*[1]"[RobotoCondensed-BoldItalic.otf]:mode=node;script=latn;language=dflt;+tlig;+pnum;+lnum;"
(fontspec)             - 'italic small caps'  (m/scit) with NFSS spec.:
(fontspec)             <->s*[1]"[RobotoCondensed-BoldItalic.otf]:mode=node;script=latn;language=dflt;+tlig;+pnum;+lnum;+smcp;"
(fontspec)             - 'bold italic' (b/it) with NFSS spec.:
(fontspec)             <->s*[1]"[RobotoCondensed-BoldItalic.otf]:mode=node;script=latn;language=dflt;+tlig;+pnum;+lnum;"
(fontspec)             - 'bold italic small caps'  (b/scit) with NFSS spec.:
(fontspec)             <->s*[1]"[RobotoCondensed-BoldItalic.otf]:mode=node;script=latn;language=dflt;+tlig;+pnum;+lnum;+smcp;"


Package fontspec Info: 
(fontspec)             RobotoSlab-Regular scale = 1.


Package fontspec Info: 
(fontspec)             RobotoSlab-Regular scale = 1.


Package fontspec Info: 
(fontspec)             RobotoSlab-Regular scale = 1.


Package fontspec Info: 
(fontspec)             RobotoSlab-Bold scale = 1.


Package fontspec Info: 
(fontspec)             RobotoSlab-Bold scale = 1.


Package fontspec Info: 
(fontspec)             Font family 'RobotoSlab(0)' created for font
(fontspec)             'RobotoSlab' with options [Ligatures = TeX,Scale =
(fontspec)             1,Extension = .otf,UprightFont = *-Regular,BoldFont =
(fontspec)             *-Bold].
(fontspec)              
(fontspec)              This font family consists of the following NFSS
(fontspec)             series/shapes:
(fontspec)              
(fontspec)             - 'normal' (m/n) with NFSS spec.:
(fontspec)             <->s*[1]"[RobotoSlab-Regular.otf]:mode=node;script=DFLT;language=dflt;+tlig;"
(fontspec)             - 'small caps'  (m/sc) with NFSS spec.:
(fontspec)             <->s*[1]"[RobotoSlab-Regular.otf]:mode=node;script=DFLT;language=dflt;+tlig;+smcp;"
(fontspec)             - 'bold' (b/n) with NFSS spec.:
(fontspec)             <->s*[1]"[RobotoSlab-Bold.otf]:mode=node;script=DFLT;language=dflt;+tlig;"
(fontspec)             - 'bold small caps'  (b/sc) with NFSS spec.:
(fontspec)             <->s*[1]"[RobotoSlab-Bold.otf]:mode=node;script=DFLT;language=dflt;+tlig;+smcp;"


Package fontspec Info: 
(fontspec)             Roboto-Regular scale = 1.


Package fontspec Info: 
(fontspec)             Roboto-Regular scale = 1.


Package fontspec Info: 
(fontspec)             Roboto-Regular scale = 1.


Package fontspec Info: 
(fontspec)             Roboto-Italic scale = 1.


Package fontspec Info: 
(fontspec)             Roboto-Italic scale = 1.


Package fontspec Info: 
(fontspec)             Font family 'Roboto(2)' created for font 'Roboto' with
(fontspec)             options [Ligatures = TeX,Scale = 1,Extension =
(fontspec)             .otf,Numbers = {Proportional,Lining},UprightFont =
(fontspec)             *-Regular,ItalicFont = *-Italic].
(fontspec)              
(fontspec)              This font family consists of the following NFSS
(fontspec)             series/shapes:
(fontspec)              
(fontspec)             - 'normal' (m/n) with NFSS spec.:
(fontspec)             <->s*[1]"[Roboto-Regular.otf]:mode=node;script=latn;language=dflt;+tlig;+pnum;+lnum;"
(fontspec)             - 'small caps'  (m/sc) with NFSS spec.:
(fontspec)             <->s*[1]"[Roboto-Regular.otf]:mode=node;script=latn;language=dflt;+tlig;+pnum;+lnum;+smcp;"
(fontspec)             - 'italic' (m/it) with NFSS spec.:
(fontspec)             <->s*[1]"[Roboto-Italic.otf]:mode=node;script=latn;language=dflt;+tlig;+pnum;+lnum;"
(fontspec)             - 'italic small caps'  (m/scit) with NFSS spec.:
(fontspec)             <->s*[1]"[Roboto-Italic.otf]:mode=node;script=latn;language=dflt;+tlig;+pnum;+lnum;+smcp;"


Package fontspec Info: 
(fontspec)             Roboto-Medium scale = 1.


Package fontspec Info: 
(fontspec)             Roboto-Medium scale = 1.


Package fontspec Info: 
(fontspec)             Roboto-Medium scale = 1.


Package fontspec Info: 
(fontspec)             Roboto-MediumItalic scale = 1.


Package fontspec Info: 
(fontspec)             Roboto-MediumItalic scale = 1.


Package fontspec Info: 
(fontspec)             Font family 'Roboto(3)' created for font 'Roboto' with
(fontspec)             options [Ligatures = TeX,Scale = 1,Extension =
(fontspec)             .otf,Numbers = {Proportional,Lining},UprightFont =
(fontspec)             *-Medium,ItalicFont = *-MediumItalic].
(fontspec)              
(fontspec)              This font family consists of the following NFSS
(fontspec)             series/shapes:
(fontspec)              
(fontspec)             - 'normal' (m/n) with NFSS spec.:
(fontspec)             <->s*[1]"[Roboto-Medium.otf]:mode=node;script=latn;language=dflt;+tlig;+pnum;+lnum;"
(fontspec)             - 'small caps'  (m/sc) with NFSS spec.:
(fontspec)             <->s*[1]"[Roboto-Medium.otf]:mode=node;script=latn;language=dflt;+tlig;+pnum;+lnum;+smcp;"
(fontspec)             - 'italic' (m/it) with NFSS spec.:
(fontspec)             <->s*[1]"[Roboto-MediumItalic.otf]:mode=node;script=latn;language=dflt;+tlig;+pnum;+lnum;"
(fontspec)             - 'italic small caps'  (m/scit) with NFSS spec.:
(fontspec)             <->s*[1]"[Roboto-MediumItalic.otf]:mode=node;script=latn;language=dflt;+tlig;+pnum;+lnum;+smcp;"


Package fontspec Info: 
(fontspec)             Roboto-Thin scale = 1.


Package fontspec Info: 
(fontspec)             Roboto-Thin scale = 1.


Package fontspec Info: 
(fontspec)             Roboto-Thin scale = 1.


Package fontspec Info: 
(fontspec)             Roboto-ThinItalic scale = 1.


Package fontspec Info: 
(fontspec)             Roboto-ThinItalic scale = 1.


Package fontspec Info: 
(fontspec)             Font family 'Roboto(4)' created for font 'Roboto' with
(fontspec)             options [Ligatures = TeX,Scale = 1,Extension =
(fontspec)             .otf,Numbers = {Proportional,Lining},UprightFont =
(fontspec)             *-Thin,ItalicFont = *-ThinItalic].
(fontspec)              
(fontspec)              This font family consists of the following NFSS
(fontspec)             series/shapes:
(fontspec)              
(fontspec)             - 'normal' (m/n) with NFSS spec.:
(fontspec)             <->s*[1]"[Roboto-Thin.otf]:mode=node;script=latn;language=dflt;+tlig;+pnum;+lnum;"
(fontspec)             - 'small caps'  (m/sc) with NFSS spec.:
(fontspec)             <->s*[1]"[Roboto-Thin.otf]:mode=node;script=latn;language=dflt;+tlig;+pnum;+lnum;+smcp;"
(fontspec)             - 'italic' (m/it) with NFSS spec.:
(fontspec)             <->s*[1]"[Roboto-ThinItalic.otf]:mode=node;script=latn;language=dflt;+tlig;+pnum;+lnum;"
(fontspec)             - 'italic small caps'  (m/scit) with NFSS spec.:
(fontspec)             <->s*[1]"[Roboto-ThinItalic.otf]:mode=node;script=latn;language=dflt;+tlig;+pnum;+lnum;+smcp;"


Package fontspec Info: 
(fontspec)             Roboto-Light scale = 1.


Package fontspec Info: 
(fontspec)             Roboto-Light scale = 1.


Package fontspec Info: 
(fontspec)             Roboto-Light scale = 1.


Package fontspec Info: 
(fontspec)             Roboto-LightItalic scale = 1.


Package fontspec Info: 
(fontspec)             Roboto-LightItalic scale = 1.


Package fontspec Info: 
(fontspec)             Font family 'Roboto(5)' created for font 'Roboto' with
(fontspec)             options [Ligatures = TeX,Scale = 1,Extension =
(fontspec)             .otf,Numbers = {Proportional,Lining},UprightFont =
(fontspec)             *-Light,ItalicFont = *-LightItalic].
(fontspec)              
(fontspec)              This font family consists of the following NFSS
(fontspec)             series/shapes:
(fontspec)              
(fontspec)             - 'normal' (m/n) with NFSS spec.:
(fontspec)             <->s*[1]"[Roboto-Light.otf]:mode=node;script=latn;language=dflt;+tlig;+pnum;+lnum;"
(fontspec)             - 'small caps'  (m/sc) with NFSS spec.:
(fontspec)             <->s*[1]"[Roboto-Light.otf]:mode=node;script=latn;language=dflt;+tlig;+pnum;+lnum;+smcp;"
(fontspec)             - 'italic' (m/it) with NFSS spec.:
(fontspec)             <->s*[1]"[Roboto-LightItalic.otf]:mode=node;script=latn;language=dflt;+tlig;+pnum;+lnum;"
(fontspec)             - 'italic small caps'  (m/scit) with NFSS spec.:
(fontspec)             <->s*[1]"[Roboto-LightItalic.otf]:mode=node;script=latn;language=dflt;+tlig;+pnum;+lnum;+smcp;"


Package fontspec Info: 
(fontspec)             Roboto-Bold scale = 1.


Package fontspec Info: 
(fontspec)             Roboto-Bold scale = 1.


Package fontspec Info: 
(fontspec)             Roboto-Bold scale = 1.


Package fontspec Info: 
(fontspec)             Roboto-BoldItalic scale = 1.


Package fontspec Info: 
(fontspec)             Roboto-BoldItalic scale = 1.


Package fontspec Info: 
(fontspec)             Font family 'Roboto(6)' created for font 'Roboto' with
(fontspec)             options [Ligatures = TeX,Scale = 1,Extension =
(fontspec)             .otf,Numbers = {Proportional,Lining},UprightFont =
(fontspec)             *-Bold,ItalicFont = *-BoldItalic].
(fontspec)              
(fontspec)              This font family consists of the following NFSS
(fontspec)             series/shapes:
(fontspec)              
(fontspec)             - 'normal' (m/n) with NFSS spec.:
(fontspec)             <->s*[1]"[Roboto-Bold.otf]:mode=node;script=latn;language=dflt;+tlig;+pnum;+lnum;"
(fontspec)             - 'small caps'  (m/sc) with NFSS spec.:
(fontspec)             <->s*[1]"[Roboto-Bold.otf]:mode=node;script=latn;language=dflt;+tlig;+pnum;+lnum;+smcp;"
(fontspec)             - 'italic' (m/it) with NFSS spec.:
(fontspec)             <->s*[1]"[Roboto-BoldItalic.otf]:mode=node;script=latn;language=dflt;+tlig;+pnum;+lnum;"
(fontspec)             - 'italic small caps'  (m/scit) with NFSS spec.:
(fontspec)             <->s*[1]"[Roboto-BoldItalic.otf]:mode=node;script=latn;language=dflt;+tlig;+pnum;+lnum;+smcp;"


Package fontspec Info: 
(fontspec)             Roboto-Black scale = 1.


Package fontspec Info: 
(fontspec)             Roboto-Black scale = 1.


Package fontspec Info: 
(fontspec)             Roboto-Black scale = 1.


Package fontspec Info: 
(fontspec)             Roboto-BlackItalic scale = 1.


Package fontspec Info: 
(fontspec)             Roboto-BlackItalic scale = 1.


Package fontspec Info: 
(fontspec)             Font family 'Roboto(7)' created for font 'Roboto' with
(fontspec)             options [Ligatures = TeX,Scale = 1,Extension =
(fontspec)             .otf,Numbers = {Proportional,Lining},UprightFont =
(fontspec)             *-Black,ItalicFont = *-BlackItalic].
(fontspec)              
(fontspec)              This font family consists of the following NFSS
(fontspec)             series/shapes:
(fontspec)              
(fontspec)             - 'normal' (m/n) with NFSS spec.:
(fontspec)             <->s*[1]"[Roboto-Black.otf]:mode=node;script=latn;language=dflt;+tlig;+pnum;+lnum;"
(fontspec)             - 'small caps'  (m/sc) with NFSS spec.:
(fontspec)             <->s*[1]"[Roboto-Black.otf]:mode=node;script=latn;language=dflt;+tlig;+pnum;+lnum;+smcp;"
(fontspec)             - 'italic' (m/it) with NFSS spec.:
(fontspec)             <->s*[1]"[Roboto-BlackItalic.otf]:mode=node;script=latn;language=dflt;+tlig;+pnum;+lnum;"
(fontspec)             - 'italic small caps'  (m/scit) with NFSS spec.:
(fontspec)             <->s*[1]"[Roboto-BlackItalic.otf]:mode=node;script=latn;language=dflt;+tlig;+pnum;+lnum;+smcp;"


Package fontspec Info: 
(fontspec)             Roboto-Regular scale = 1.


Package fontspec Info: 
(fontspec)             Roboto-Regular scale = 1.


Package fontspec Info: 
(fontspec)             Roboto-Regular scale = 1.


Package fontspec Info: 
(fontspec)             Roboto-Bold scale = 1.


Package fontspec Info: 
(fontspec)             Roboto-Bold scale = 1.


Package fontspec Info: 
(fontspec)             Roboto-Italic scale = 1.


Package fontspec Info: 
(fontspec)             Roboto-Italic scale = 1.


Package fontspec Info: 
(fontspec)             Roboto-BoldItalic scale = 1.


Package fontspec Info: 
(fontspec)             Roboto-BoldItalic scale = 1.


Package fontspec Info: 
(fontspec)             Font family 'Roboto(8)' created for font 'Roboto' with
(fontspec)             options [Ligatures = TeX,Scale = 1,Extension =
(fontspec)             .otf,Numbers = {Proportional,OldStyle},UprightFont =
(fontspec)             *-Regular,ItalicFont = *-Italic,BoldFont =
(fontspec)             *-Bold,BoldItalicFont = *-BoldItalic].
(fontspec)              
(fontspec)              This font family consists of the following NFSS
(fontspec)             series/shapes:
(fontspec)              
(fontspec)             - 'normal' (m/n) with NFSS spec.:
(fontspec)             <->s*[1]"[Roboto-Regular.otf]:mode=node;script=latn;language=dflt;+tlig;+pnum;+onum;"
(fontspec)             - 'small caps'  (m/sc) with NFSS spec.:
(fontspec)             <->s*[1]"[Roboto-Regular.otf]:mode=node;script=latn;language=dflt;+tlig;+pnum;+onum;+smcp;"
(fontspec)             - 'bold' (b/n) with NFSS spec.:
(fontspec)             <->s*[1]"[Roboto-Bold.otf]:mode=node;script=latn;language=dflt;+tlig;+pnum;+onum;"
(fontspec)             - 'bold small caps'  (b/sc) with NFSS spec.:
(fontspec)             <->s*[1]"[Roboto-Bold.otf]:mode=node;script=latn;language=dflt;+tlig;+pnum;+onum;+smcp;"
(fontspec)             - 'italic' (m/it) with NFSS spec.:
(fontspec)             <->s*[1]"[Roboto-Italic.otf]:mode=node;script=latn;language=dflt;+tlig;+pnum;+onum;"
(fontspec)             - 'italic small caps'  (m/scit) with NFSS spec.:
(fontspec)             <->s*[1]"[Roboto-Italic.otf]:mode=node;script=latn;language=dflt;+tlig;+pnum;+onum;+smcp;"
(fontspec)             - 'bold italic' (b/it) with NFSS spec.:
(fontspec)             <->s*[1]"[Roboto-BoldItalic.otf]:mode=node;script=latn;language=dflt;+tlig;+pnum;+onum;"
(fontspec)             - 'bold italic small caps'  (b/scit) with NFSS spec.:
(fontspec)             <->s*[1]"[Roboto-BoldItalic.otf]:mode=node;script=latn;language=dflt;+tlig;+pnum;+onum;+smcp;"


Package fontspec Info: 
(fontspec)             Roboto-Regular scale = 1.


Package fontspec Info: 
(fontspec)             Roboto-Regular scale = 1.


Package fontspec Info: 
(fontspec)             Roboto-Regular scale = 1.


Package fontspec Info: 
(fontspec)             Roboto-Regular scale = 1.


Package fontspec Info: 
(fontspec)             Roboto-Bold scale = 1.


Package fontspec Info: 
(fontspec)             Roboto-Bold scale = 1.


Package fontspec Info: 
(fontspec)             Roboto-Italic scale = 1.


Package fontspec Info: 
(fontspec)             Roboto-Italic scale = 1.


Package fontspec Info: 
(fontspec)             Roboto-BoldItalic scale = 1.


Package fontspec Info: 
(fontspec)             Roboto-BoldItalic scale = 1.


Package fontspec Info: 
(fontspec)             Font family 'Roboto(9)' created for font 'Roboto' with
(fontspec)             options [Ligatures = TeX,Scale = 1,Extension =
(fontspec)             .otf,Numbers = {Monospaced,Lining},UprightFont =
(fontspec)             *-Regular,ItalicFont = *-Italic,BoldFont =
(fontspec)             *-Bold,BoldItalicFont = *-BoldItalic].
(fontspec)              
(fontspec)              This font family consists of the following NFSS
(fontspec)             series/shapes:
(fontspec)              
(fontspec)             - 'normal' (m/n) with NFSS spec.:
(fontspec)             <->s*[1]"[Roboto-Regular.otf]:mode=node;script=latn;language=dflt;+tlig;+tnum;+lnum;"
(fontspec)             - 'small caps'  (m/sc) with NFSS spec.:
(fontspec)             <->s*[1]"[Roboto-Regular.otf]:mode=node;script=latn;language=dflt;+tlig;+tnum;+lnum;+smcp;"
(fontspec)             - 'bold' (b/n) with NFSS spec.:
(fontspec)             <->s*[1]"[Roboto-Bold.otf]:mode=node;script=latn;language=dflt;+tlig;+tnum;+lnum;"
(fontspec)             - 'bold small caps'  (b/sc) with NFSS spec.:
(fontspec)             <->s*[1]"[Roboto-Bold.otf]:mode=node;script=latn;language=dflt;+tlig;+tnum;+lnum;+smcp;"
(fontspec)             - 'italic' (m/it) with NFSS spec.:
(fontspec)             <->s*[1]"[Roboto-Italic.otf]:mode=node;script=latn;language=dflt;+tlig;+tnum;+lnum;"
(fontspec)             - 'italic small caps'  (m/scit) with NFSS spec.:
(fontspec)             <->s*[1]"[Roboto-Italic.otf]:mode=node;script=latn;language=dflt;+tlig;+tnum;+lnum;+smcp;"
(fontspec)             - 'bold italic' (b/it) with NFSS spec.:
(fontspec)             <->s*[1]"[Roboto-BoldItalic.otf]:mode=node;script=latn;language=dflt;+tlig;+tnum;+lnum;"
(fontspec)             - 'bold italic small caps'  (b/scit) with NFSS spec.:
(fontspec)             <->s*[1]"[Roboto-BoldItalic.otf]:mode=node;script=latn;language=dflt;+tlig;+tnum;+lnum;+smcp;"


Package fontspec Info: 
(fontspec)             Roboto-Regular scale = 1.


Package fontspec Info: 
(fontspec)             Roboto-Regular scale = 1.


Package fontspec Info: 
(fontspec)             Roboto-Regular scale = 1.


Package fontspec Info: 
(fontspec)             Roboto-Bold scale = 1.


Package fontspec Info: 
(fontspec)             Roboto-Bold scale = 1.


Package fontspec Info: 
(fontspec)             Roboto-Italic scale = 1.


Package fontspec Info: 
(fontspec)             Roboto-Italic scale = 1.


Package fontspec Info: 
(fontspec)             Roboto-BoldItalic scale = 1.


Package fontspec Info: 
(fontspec)             Roboto-BoldItalic scale = 1.


Package fontspec Info: 
(fontspec)             Font family 'Roboto(10)' created for font 'Roboto' with
(fontspec)             options [Ligatures = TeX,Scale = 1,Extension =
(fontspec)             .otf,Numbers = {Monospaced,OldStyle},UprightFont =
(fontspec)             *-Regular,ItalicFont = *-Italic,BoldFont =
(fontspec)             *-Bold,BoldItalicFont = *-BoldItalic].
(fontspec)              
(fontspec)              This font family consists of the following NFSS
(fontspec)             series/shapes:
(fontspec)              
(fontspec)             - 'normal' (m/n) with NFSS spec.:
(fontspec)             <->s*[1]"[Roboto-Regular.otf]:mode=node;script=latn;language=dflt;+tlig;+tnum;+onum;"
(fontspec)             - 'small caps'  (m/sc) with NFSS spec.:
(fontspec)             <->s*[1]"[Roboto-Regular.otf]:mode=node;script=latn;language=dflt;+tlig;+tnum;+onum;+smcp;"
(fontspec)             - 'bold' (b/n) with NFSS spec.:
(fontspec)             <->s*[1]"[Roboto-Bold.otf]:mode=node;script=latn;language=dflt;+tlig;+tnum;+onum;"
(fontspec)             - 'bold small caps'  (b/sc) with NFSS spec.:
(fontspec)             <->s*[1]"[Roboto-Bold.otf]:mode=node;script=latn;language=dflt;+tlig;+tnum;+onum;+smcp;"
(fontspec)             - 'italic' (m/it) with NFSS spec.:
(fontspec)             <->s*[1]"[Roboto-Italic.otf]:mode=node;script=latn;language=dflt;+tlig;+tnum;+onum;"
(fontspec)             - 'italic small caps'  (m/scit) with NFSS spec.:
(fontspec)             <->s*[1]"[Roboto-Italic.otf]:mode=node;script=latn;language=dflt;+tlig;+tnum;+onum;+smcp;"
(fontspec)             - 'bold italic' (b/it) with NFSS spec.:
(fontspec)             <->s*[1]"[Roboto-BoldItalic.otf]:mode=node;script=latn;language=dflt;+tlig;+tnum;+onum;"
(fontspec)             - 'bold italic small caps'  (b/scit) with NFSS spec.:
(fontspec)             <->s*[1]"[Roboto-BoldItalic.otf]:mode=node;script=latn;language=dflt;+tlig;+tnum;+onum;+smcp;"

)
luaotfload | cache : Lookup cache loaded from /home/tam/.texlive2025/texmf-var/luatex-cache/generic/names/luaotfload-lookup-cache.luc.

Package fontspec Info: 
(fontspec)             Could not resolve font "Roboto-BlackItalic/B" (it
(fontspec)             probably doesn't exist).


Package fontspec Info: 
(fontspec)             Could not resolve font "Roboto-Black/BI" (it probably
(fontspec)             doesn't exist).


Package fontspec Info: 
(fontspec)             Could not resolve font "Roboto-Black/B" (it probably
(fontspec)             doesn't exist).


Package fontspec Info: 
(fontspec)             Font family 'Roboto(11)' created for font 'Roboto' with
(fontspec)             options [Numbers = {Proportional,Lining},UprightFont =
(fontspec)             *-Black,ItalicFont =
(fontspec)             *-BlackItalic,LetterSpace=26,WordSpace=2.2].
(fontspec)              
(fontspec)              This font family consists of the following NFSS
(fontspec)             series/shapes:
(fontspec)              
(fontspec)             - 'normal' (m/n) with NFSS spec.:
(fontspec)             <->"name:Roboto-Black:mode=node;script=latn;language=dflt;letterspace=26;+pnum;+lnum;"
(fontspec)             - 'small caps'  (m/sc) with NFSS spec.:
(fontspec)             <->"name:Roboto-Black:mode=node;script=latn;language=dflt;letterspace=26;+pnum;+lnum;+smcp;"
(fontspec)             and font adjustment code:
(fontspec)             \fontdimen 2\font =2.2\fontdimen 2\font \fontdimen
(fontspec)             3\font =2.2\fontdimen 3\font \fontdimen 4\font
(fontspec)             =2.2\fontdimen 4\font 
(fontspec)             - 'italic' (m/it) with NFSS spec.:
(fontspec)             <->"name:Roboto-BlackItalic:mode=node;script=latn;language=dflt;letterspace=26;+pnum;+lnum;"
(fontspec)             - 'italic small caps'  (m/scit) with NFSS spec.:
(fontspec)             <->"name:Roboto-BlackItalic:mode=node;script=latn;language=dflt;letterspace=26;+pnum;+lnum;+smcp;"
(fontspec)             and font adjustment code:
(fontspec)             \fontdimen 2\font =2.2\fontdimen 2\font \fontdimen
(fontspec)             3\font =2.2\fontdimen 3\font \fontdimen 4\font
(fontspec)             =2.2\fontdimen 4\font 

 (/nix/store/46cm4s2yjrlqhwdswp8bg41kprgxw59q-texlive-2025-r78234-final-env-texmfdist/tex/latex/roboto/roboto-mono.sty
Package: roboto-mono 2022/09/10 (Bob Tennent) Supports RobotoMono fonts for all LaTeX engines.

Package fontspec Info: 
(fontspec)             RobotoMono-Regular scale = 1.


Package fontspec Info: 
(fontspec)             RobotoMono-Regular scale = 1.


Package fontspec Info: 
(fontspec)             RobotoMono-Regular scale = 1.


Package fontspec Info: 
(fontspec)             RobotoMono-Bold scale = 1.


Package fontspec Info: 
(fontspec)             RobotoMono-Bold scale = 1.


Package fontspec Info: 
(fontspec)             RobotoMono-Italic scale = 1.


Package fontspec Info: 
(fontspec)             RobotoMono-Italic scale = 1.


Package fontspec Info: 
(fontspec)             RobotoMono-BoldItalic scale = 1.


Package fontspec Info: 
(fontspec)             RobotoMono-BoldItalic scale = 1.


Package fontspec Info: 
(fontspec)             Font family 'RobotoMono(0)' created for font
(fontspec)             'RobotoMono' with options [HyphenChar=None,Scale =
(fontspec)             1,Extension =
(fontspec)             .otf,WordSpace={1,0,0},HyphenChar=None,PunctuationSpace=WordSpace,UprightFont
(fontspec)             = *-Regular,ItalicFont = *-Italic,BoldFont =
(fontspec)             *-Bold,BoldItalicFont = *-BoldItalic].
(fontspec)              
(fontspec)              This font family consists of the following NFSS
(fontspec)             series/shapes:
(fontspec)              
(fontspec)             - 'normal' (m/n) with NFSS spec.:
(fontspec)             <->s*[1]"[RobotoMono-Regular.otf]:mode=node;script=DFLT;language=dflt;"
(fontspec)             - 'small caps'  (m/sc) with NFSS spec.:
(fontspec)             <->s*[1]"[RobotoMono-Regular.otf]:mode=node;script=DFLT;language=dflt;+smcp;"
(fontspec)             and font adjustment code:
(fontspec)             \fontdimen 2\font =1\fontdimen 2\font \fontdimen 3\font
(fontspec)             =0\fontdimen 3\font \fontdimen 4\font =0\fontdimen
(fontspec)             4\font \fontdimen 7\font =0\fontdimen 2\font
(fontspec)             \tex_hyphenchar:D \font =-1\scan_stop:
(fontspec)             \tex_hyphenchar:D \font =-1\scan_stop: 
(fontspec)             - 'bold' (b/n) with NFSS spec.:
(fontspec)             <->s*[1]"[RobotoMono-Bold.otf]:mode=node;script=DFLT;language=dflt;"
(fontspec)             - 'bold small caps'  (b/sc) with NFSS spec.:
(fontspec)             <->s*[1]"[RobotoMono-Bold.otf]:mode=node;script=DFLT;language=dflt;+smcp;"
(fontspec)             and font adjustment code:
(fontspec)             \fontdimen 2\font =1\fontdimen 2\font \fontdimen 3\font
(fontspec)             =0\fontdimen 3\font \fontdimen 4\font =0\fontdimen
(fontspec)             4\font \fontdimen 7\font =0\fontdimen 2\font
(fontspec)             \tex_hyphenchar:D \font =-1\scan_stop:
(fontspec)             \tex_hyphenchar:D \font =-1\scan_stop: 
(fontspec)             - 'italic' (m/it) with NFSS spec.:
(fontspec)             <->s*[1]"[RobotoMono-Italic.otf]:mode=node;script=DFLT;language=dflt;"
(fontspec)             - 'italic small caps'  (m/scit) with NFSS spec.:
(fontspec)             <->s*[1]"[RobotoMono-Italic.otf]:mode=node;script=DFLT;language=dflt;+smcp;"
(fontspec)             and font adjustment code:
(fontspec)             \fontdimen 2\font =1\fontdimen 2\font \fontdimen 3\font
(fontspec)             =0\fontdimen 3\font \fontdimen 4\font =0\fontdimen
(fontspec)             4\font \fontdimen 7\font =0\fontdimen 2\font
(fontspec)             \tex_hyphenchar:D \font =-1\scan_stop:
(fontspec)             \tex_hyphenchar:D \font =-1\scan_stop: 
(fontspec)             - 'bold italic' (b/it) with NFSS spec.:
(fontspec)             <->s*[1]"[RobotoMono-BoldItalic.otf]:mode=node;script=DFLT;language=dflt;"
(fontspec)             - 'bold italic small caps'  (b/scit) with NFSS spec.:
(fontspec)             <->s*[1]"[RobotoMono-BoldItalic.otf]:mode=node;script=DFLT;language=dflt;+smcp;"
(fontspec)             and font adjustment code:
(fontspec)             \fontdimen 2\font =1\fontdimen 2\font \fontdimen 3\font
(fontspec)             =0\fontdimen 3\font \fontdimen 4\font =0\fontdimen
(fontspec)             4\font \fontdimen 7\font =0\fontdimen 2\font
(fontspec)             \tex_hyphenchar:D \font =-1\scan_stop:
(fontspec)             \tex_hyphenchar:D \font =-1\scan_stop: 


Package fontspec Info: 
(fontspec)             RobotoMono-Regular scale = 1.


Package fontspec Info: 
(fontspec)             RobotoMono-Regular scale = 1.


Package fontspec Info: 
(fontspec)             RobotoMono-Regular scale = 1.


Package fontspec Info: 
(fontspec)             RobotoMono-Bold scale = 1.


Package fontspec Info: 
(fontspec)             RobotoMono-Bold scale = 1.


Package fontspec Info: 
(fontspec)             RobotoMono-Italic scale = 1.


Package fontspec Info: 
(fontspec)             RobotoMono-Italic scale = 1.


Package fontspec Info: 
(fontspec)             RobotoMono-BoldItalic scale = 1.


Package fontspec Info: 
(fontspec)             RobotoMono-BoldItalic scale = 1.


Package fontspec Info: 
(fontspec)             Font family 'RobotoMono(1)' created for font
(fontspec)             'RobotoMono' with options [HyphenChar=None,Scale =
(fontspec)             1,Extension = .otf,UprightFont = *-Regular,ItalicFont =
(fontspec)             *-Italic,BoldFont = *-Bold,BoldItalicFont =
(fontspec)             *-BoldItalic].
(fontspec)              
(fontspec)              This font family consists of the following NFSS
(fontspec)             series/shapes:
(fontspec)              
(fontspec)             - 'normal' (m/n) with NFSS spec.:
(fontspec)             <->s*[1]"[RobotoMono-Regular.otf]:mode=node;script=DFLT;language=dflt;"
(fontspec)             - 'small caps'  (m/sc) with NFSS spec.:
(fontspec)             <->s*[1]"[RobotoMono-Regular.otf]:mode=node;script=DFLT;language=dflt;+smcp;"
(fontspec)             and font adjustment code:
(fontspec)             \tex_hyphenchar:D \font =-1\scan_stop: 
(fontspec)             - 'bold' (b/n) with NFSS spec.:
(fontspec)             <->s*[1]"[RobotoMono-Bold.otf]:mode=node;script=DFLT;language=dflt;"
(fontspec)             - 'bold small caps'  (b/sc) with NFSS spec.:
(fontspec)             <->s*[1]"[RobotoMono-Bold.otf]:mode=node;script=DFLT;language=dflt;+smcp;"
(fontspec)             and font adjustment code:
(fontspec)             \tex_hyphenchar:D \font =-1\scan_stop: 
(fontspec)             - 'italic' (m/it) with NFSS spec.:
(fontspec)             <->s*[1]"[RobotoMono-Italic.otf]:mode=node;script=DFLT;language=dflt;"
(fontspec)             - 'italic small caps'  (m/scit) with NFSS spec.:
(fontspec)             <->s*[1]"[RobotoMono-Italic.otf]:mode=node;script=DFLT;language=dflt;+smcp;"
(fontspec)             and font adjustment code:
(fontspec)             \tex_hyphenchar:D \font =-1\scan_stop: 
(fontspec)             - 'bold italic' (b/it) with NFSS spec.:
(fontspec)             <->s*[1]"[RobotoMono-BoldItalic.otf]:mode=node;script=DFLT;language=dflt;"
(fontspec)             - 'bold italic small caps'  (b/scit) with NFSS spec.:
(fontspec)             <->s*[1]"[RobotoMono-BoldItalic.otf]:mode=node;script=DFLT;language=dflt;+smcp;"
(fontspec)             and font adjustment code:
(fontspec)             \tex_hyphenchar:D \font =-1\scan_stop: 


Package fontspec Info: 
(fontspec)             RobotoMono-Regular scale = 1.


Package fontspec Info: 
(fontspec)             RobotoMono-Regular scale = 1.


Package fontspec Info: 
(fontspec)             RobotoMono-Regular scale = 1.


Package fontspec Info: 
(fontspec)             RobotoMono-Italic scale = 1.


Package fontspec Info: 
(fontspec)             RobotoMono-Italic scale = 1.


Package fontspec Info: 
(fontspec)             Font family 'RobotoMono(2)' created for font
(fontspec)             'RobotoMono' with options [HyphenChar=None,Scale =
(fontspec)             1,Extension = .otf,UprightFont = *-Regular,ItalicFont =
(fontspec)             *-Italic].
(fontspec)              
(fontspec)              This font family consists of the following NFSS
(fontspec)             series/shapes:
(fontspec)              
(fontspec)             - 'normal' (m/n) with NFSS spec.:
(fontspec)             <->s*[1]"[RobotoMono-Regular.otf]:mode=node;script=DFLT;language=dflt;"
(fontspec)             - 'small caps'  (m/sc) with NFSS spec.:
(fontspec)             <->s*[1]"[RobotoMono-Regular.otf]:mode=node;script=DFLT;language=dflt;+smcp;"
(fontspec)             and font adjustment code:
(fontspec)             \tex_hyphenchar:D \font =-1\scan_stop: 
(fontspec)             - 'italic' (m/it) with NFSS spec.:
(fontspec)             <->s*[1]"[RobotoMono-Italic.otf]:mode=node;script=DFLT;language=dflt;"
(fontspec)             - 'italic small caps'  (m/scit) with NFSS spec.:
(fontspec)             <->s*[1]"[RobotoMono-Italic.otf]:mode=node;script=DFLT;language=dflt;+smcp;"
(fontspec)             and font adjustment code:
(fontspec)             \tex_hyphenchar:D \font =-1\scan_stop: 


Package fontspec Info: 
(fontspec)             RobotoMono-Medium scale = 1.


Package fontspec Info: 
(fontspec)             RobotoMono-Medium scale = 1.


Package fontspec Info: 
(fontspec)             RobotoMono-Medium scale = 1.


Package fontspec Info: 
(fontspec)             RobotoMono-MediumItalic scale = 1.


Package fontspec Info: 
(fontspec)             RobotoMono-MediumItalic scale = 1.


Package fontspec Info: 
(fontspec)             Font family 'RobotoMono(3)' created for font
(fontspec)             'RobotoMono' with options [HyphenChar=None,Scale =
(fontspec)             1,Extension = .otf,UprightFont = *-Medium,ItalicFont =
(fontspec)             *-MediumItalic].
(fontspec)              
(fontspec)              This font family consists of the following NFSS
(fontspec)             series/shapes:
(fontspec)              
(fontspec)             - 'normal' (m/n) with NFSS spec.:
(fontspec)             <->s*[1]"[RobotoMono-Medium.otf]:mode=node;script=DFLT;language=dflt;"
(fontspec)             - 'small caps'  (m/sc) with NFSS spec.:
(fontspec)             <->s*[1]"[RobotoMono-Medium.otf]:mode=node;script=DFLT;language=dflt;+smcp;"
(fontspec)             and font adjustment code:
(fontspec)             \tex_hyphenchar:D \font =-1\scan_stop: 
(fontspec)             - 'italic' (m/it) with NFSS spec.:
(fontspec)             <->s*[1]"[RobotoMono-MediumItalic.otf]:mode=node;script=DFLT;language=dflt;"
(fontspec)             - 'italic small caps'  (m/scit) with NFSS spec.:
(fontspec)             <->s*[1]"[RobotoMono-MediumItalic.otf]:mode=node;script=DFLT;language=dflt;+smcp;"
(fontspec)             and font adjustment code:
(fontspec)             \tex_hyphenchar:D \font =-1\scan_stop: 


Package fontspec Info: 
(fontspec)             RobotoMono-Thin scale = 1.


Package fontspec Info: 
(fontspec)             RobotoMono-Thin scale = 1.


Package fontspec Info: 
(fontspec)             RobotoMono-Thin scale = 1.


Package fontspec Info: 
(fontspec)             RobotoMono-ThinItalic scale = 1.


Package fontspec Info: 
(fontspec)             RobotoMono-ThinItalic scale = 1.


Package fontspec Info: 
(fontspec)             Font family 'RobotoMono(4)' created for font
(fontspec)             'RobotoMono' with options [HyphenChar=None,Scale =
(fontspec)             1,Extension = .otf,UprightFont = *-Thin,ItalicFont =
(fontspec)             *-ThinItalic].
(fontspec)              
(fontspec)              This font family consists of the following NFSS
(fontspec)             series/shapes:
(fontspec)              
(fontspec)             - 'normal' (m/n) with NFSS spec.:
(fontspec)             <->s*[1]"[RobotoMono-Thin.otf]:mode=node;script=DFLT;language=dflt;"
(fontspec)             - 'small caps'  (m/sc) with NFSS spec.:
(fontspec)             <->s*[1]"[RobotoMono-Thin.otf]:mode=node;script=DFLT;language=dflt;+smcp;"
(fontspec)             and font adjustment code:
(fontspec)             \tex_hyphenchar:D \font =-1\scan_stop: 
(fontspec)             - 'italic' (m/it) with NFSS spec.:
(fontspec)             <->s*[1]"[RobotoMono-ThinItalic.otf]:mode=node;script=DFLT;language=dflt;"
(fontspec)             - 'italic small caps'  (m/scit) with NFSS spec.:
(fontspec)             <->s*[1]"[RobotoMono-ThinItalic.otf]:mode=node;script=DFLT;language=dflt;+smcp;"
(fontspec)             and font adjustment code:
(fontspec)             \tex_hyphenchar:D \font =-1\scan_stop: 


Package fontspec Info: 
(fontspec)             RobotoMono-Light scale = 1.


Package fontspec Info: 
(fontspec)             RobotoMono-Light scale = 1.


Package fontspec Info: 
(fontspec)             RobotoMono-Light scale = 1.


Package fontspec Info: 
(fontspec)             RobotoMono-LightItalic scale = 1.


Package fontspec Info: 
(fontspec)             RobotoMono-LightItalic scale = 1.


Package fontspec Info: 
(fontspec)             Font family 'RobotoMono(5)' created for font
(fontspec)             'RobotoMono' with options [HyphenChar=None,Scale =
(fontspec)             1,Extension = .otf,UprightFont = *-Light,ItalicFont =
(fontspec)             *-LightItalic].
(fontspec)              
(fontspec)              This font family consists of the following NFSS
(fontspec)             series/shapes:
(fontspec)              
(fontspec)             - 'normal' (m/n) with NFSS spec.:
(fontspec)             <->s*[1]"[RobotoMono-Light.otf]:mode=node;script=DFLT;language=dflt;"
(fontspec)             - 'small caps'  (m/sc) with NFSS spec.:
(fontspec)             <->s*[1]"[RobotoMono-Light.otf]:mode=node;script=DFLT;language=dflt;+smcp;"
(fontspec)             and font adjustment code:
(fontspec)             \tex_hyphenchar:D \font =-1\scan_stop: 
(fontspec)             - 'italic' (m/it) with NFSS spec.:
(fontspec)             <->s*[1]"[RobotoMono-LightItalic.otf]:mode=node;script=DFLT;language=dflt;"
(fontspec)             - 'italic small caps'  (m/scit) with NFSS spec.:
(fontspec)             <->s*[1]"[RobotoMono-LightItalic.otf]:mode=node;script=DFLT;language=dflt;+smcp;"
(fontspec)             and font adjustment code:
(fontspec)             \tex_hyphenchar:D \font =-1\scan_stop: 


Package fontspec Info: 
(fontspec)             RobotoMono-Bold scale = 1.


Package fontspec Info: 
(fontspec)             RobotoMono-Bold scale = 1.


Package fontspec Info: 
(fontspec)             RobotoMono-Bold scale = 1.


Package fontspec Info: 
(fontspec)             RobotoMono-BoldItalic scale = 1.


Package fontspec Info: 
(fontspec)             RobotoMono-BoldItalic scale = 1.


Package fontspec Info: 
(fontspec)             Font family 'RobotoMono(6)' created for font
(fontspec)             'RobotoMono' with options [HyphenChar=None,Scale =
(fontspec)             1,Extension = .otf,UprightFont = *-Bold,ItalicFont =
(fontspec)             *-BoldItalic].
(fontspec)              
(fontspec)              This font family consists of the following NFSS
(fontspec)             series/shapes:
(fontspec)              
(fontspec)             - 'normal' (m/n) with NFSS spec.:
(fontspec)             <->s*[1]"[RobotoMono-Bold.otf]:mode=node;script=DFLT;language=dflt;"
(fontspec)             - 'small caps'  (m/sc) with NFSS spec.:
(fontspec)             <->s*[1]"[RobotoMono-Bold.otf]:mode=node;script=DFLT;language=dflt;+smcp;"
(fontspec)             and font adjustment code:
(fontspec)             \tex_hyphenchar:D \font =-1\scan_stop: 
(fontspec)             - 'italic' (m/it) with NFSS spec.:
(fontspec)             <->s*[1]"[RobotoMono-BoldItalic.otf]:mode=node;script=DFLT;language=dflt;"
(fontspec)             - 'italic small caps'  (m/scit) with NFSS spec.:
(fontspec)             <->s*[1]"[RobotoMono-BoldItalic.otf]:mode=node;script=DFLT;language=dflt;+smcp;"
(fontspec)             and font adjustment code:
(fontspec)             \tex_hyphenchar:D \font =-1\scan_stop: 

)
LaTeX Info: Redefining \LaTeX on input line 100.
) (/nix/store/46cm4s2yjrlqhwdswp8bg41kprgxw59q-texlive-2025-r78234-final-env-texmfdist/tex/latex/tuda-ci/tudacolors.sty
Package: tudacolors 2025-11-13 v4.05 Color definition for TU Darmstadt's tuda-ci bundle
 (/nix/store/46cm4s2yjrlqhwdswp8bg41kprgxw59q-texlive-2025-r78234-final-env-texmfdist/tex/latex/xcolor/xcolor.sty
Package: xcolor 2024/09/29 v3.02 LaTeX color extensions (UK)
 (/nix/store/46cm4s2yjrlqhwdswp8bg41kprgxw59q-texlive-2025-r78234-final-env-texmfdist/tex/latex/graphics-cfg/color.cfg
File: color.cfg 2016/01/02 v1.6 sample color configuration
)
Package xcolor Info: Driver file: luatex.def on input line 274.
 (/nix/store/46cm4s2yjrlqhwdswp8bg41kprgxw59q-texlive-2025-r78234-final-env-texmfdist/tex/latex/graphics-def/luatex.def
File: luatex.def 2025/09/29 v1.2f Graphics/color driver for luatex
) (/nix/store/46cm4s2yjrlqhwdswp8bg41kprgxw59q-texlive-2025-r78234-final-env-texmfdist/tex/latex/graphics/mathcolor.ltx)
Package xcolor Info: Model `cmy' substituted by `cmy0' on input line 1349.
Package xcolor Info: Model `hsb' substituted by `rgb' on input line 1353.
Package xcolor Info: Model `RGB' extended on input line 1365.
Package xcolor Info: Model `HTML' substituted by `rgb' on input line 1367.
Package xcolor Info: Model `Hsb' substituted by `hsb' on input line 1368.
Package xcolor Info: Model `tHsb' substituted by `hsb' on input line 1369.
Package xcolor Info: Model `HSB' substituted by `hsb' on input line 1370.
Package xcolor Info: Model `Gray' substituted by `gray' on input line 1371.
Package xcolor Info: Model `wave' substituted by `hsb' on input line 1372.
) (/nix/store/46cm4s2yjrlqhwdswp8bg41kprgxw59q-texlive-2025-r78234-final-env-texmfdist/tex/latex/tuda-ci/tudacolors.def
File: tudacolors.def 2025-11-13 v4.05 Color definitions for tuda-ci
)) (/nix/store/46cm4s2yjrlqhwdswp8bg41kprgxw59q-texlive-2025-r78234-final-env-texmfdist/tex/latex/koma-script/scrlayer-scrpage.sty
Package: scrlayer-scrpage 2026/02/02 v3.49.2 KOMA-Script package (end user interface for scrlayer)
 (/nix/store/46cm4s2yjrlqhwdswp8bg41kprgxw59q-texlive-2025-r78234-final-env-texmfdist/tex/latex/koma-script/scrlayer.sty
Package: scrlayer 2026/02/02 v3.49.2 KOMA-Script package (defining layers and page styles)
Package scrlayer Info: patching LaTeX kernel macro \pagestyle on input line 2179.
)
Package scrlayer-scrpage Info: Makeing stand-alone element `pagehead' from
(scrlayer-scrpage)             alias to `pageheadfoot' on input line 1106.
) (/nix/store/46cm4s2yjrlqhwdswp8bg41kprgxw59q-texlive-2025-r78234-final-env-texmfdist/tex/latex/graphics/graphicx.sty
Package: graphicx 2024/12/31 v1.2e Enhanced LaTeX Graphics (DPC,SPQR)
 (/nix/store/46cm4s2yjrlqhwdswp8bg41kprgxw59q-texlive-2025-r78234-final-env-texmfdist/tex/latex/graphics/graphics.sty
Package: graphics 2024/08/06 v1.4g Standard LaTeX Graphics (DPC,SPQR)
 (/nix/store/46cm4s2yjrlqhwdswp8bg41kprgxw59q-texlive-2025-r78234-final-env-texmfdist/tex/latex/graphics/trig.sty
Package: trig 2023/12/02 v1.11 sin cos tan (DPC)
) (/nix/store/46cm4s2yjrlqhwdswp8bg41kprgxw59q-texlive-2025-r78234-final-env-texmfdist/tex/latex/graphics-cfg/graphics.cfg
File: graphics.cfg 2016/06/04 v1.11 sample graphics configuration
)
Package graphics Info: Driver file: luatex.def on input line 106.
)
\Gin@req@height=\dimen151
\Gin@req@width=\dimen152
) (/nix/store/46cm4s2yjrlqhwdswp8bg41kprgxw59q-texlive-2025-r78234-final-env-texmfdist/tex/latex/hyperref/hyperref.sty
Package: hyperref 2026-01-29 v7.01p Hypertext links for LaTeX
 (/nix/store/46cm4s2yjrlqhwdswp8bg41kprgxw59q-texlive-2025-r78234-final-env-texmfdist/tex/latex/kvsetkeys/kvsetkeys.sty
Package: kvsetkeys 2022-10-05 v1.19 Key value parser (HO)
) (/nix/store/46cm4s2yjrlqhwdswp8bg41kprgxw59q-texlive-2025-r78234-final-env-texmfdist/tex/generic/kvdefinekeys/kvdefinekeys.sty
Package: kvdefinekeys 2019-12-19 v1.6 Define keys (HO)
) (/nix/store/46cm4s2yjrlqhwdswp8bg41kprgxw59q-texlive-2025-r78234-final-env-texmfdist/tex/generic/pdfescape/pdfescape.sty
Package: pdfescape 2019/12/09 v1.15 Implements pdfTeX's escape features (HO)
 (/nix/store/46cm4s2yjrlqhwdswp8bg41kprgxw59q-texlive-2025-r78234-final-env-texmfdist/tex/generic/ltxcmds/ltxcmds.sty
Package: ltxcmds 2023-12-04 v1.26 LaTeX kernel commands for general use (HO)
) (/nix/store/46cm4s2yjrlqhwdswp8bg41kprgxw59q-texlive-2025-r78234-final-env-texmfdist/tex/generic/pdftexcmds/pdftexcmds.sty
Package: pdftexcmds 2020-06-27 v0.33 Utility functions of pdfTeX for LuaTeX (HO)
 (/nix/store/46cm4s2yjrlqhwdswp8bg41kprgxw59q-texlive-2025-r78234-final-env-texmfdist/tex/generic/infwarerr/infwarerr.sty
Package: infwarerr 2019/12/03 v1.5 Providing info/warning/error messages (HO)
)
Package pdftexcmds Info: \pdf@primitive is available.
Package pdftexcmds Info: \pdf@ifprimitive is available.
Package pdftexcmds Info: \pdfdraftmode found.
\pdftexcmds@toks=\toks21
)) (/nix/store/46cm4s2yjrlqhwdswp8bg41kprgxw59q-texlive-2025-r78234-final-env-texmfdist/tex/latex/hycolor/hycolor.sty
Package: hycolor 2020-01-27 v1.10 Color options for hyperref/bookmark (HO)
) (/nix/store/46cm4s2yjrlqhwdswp8bg41kprgxw59q-texlive-2025-r78234-final-env-texmfdist/tex/latex/hyperref/nameref.sty
Package: nameref 2026-01-29 v2.58 Cross-referencing by name of section
 (/nix/store/46cm4s2yjrlqhwdswp8bg41kprgxw59q-texlive-2025-r78234-final-env-texmfdist/tex/latex/refcount/refcount.sty
Package: refcount 2019/12/15 v3.6 Data extraction from label references (HO)
) (/nix/store/46cm4s2yjrlqhwdswp8bg41kprgxw59q-texlive-2025-r78234-final-env-texmfdist/tex/generic/gettitlestring/gettitlestring.sty
Package: gettitlestring 2019/12/15 v1.6 Cleanup title references (HO)
 (/nix/store/46cm4s2yjrlqhwdswp8bg41kprgxw59q-texlive-2025-r78234-final-env-texmfdist/tex/latex/kvoptions/kvoptions.sty
Package: kvoptions 2022-06-15 v3.15 Key value format for package options (HO)
))
\c@section@level=\count297
) (/nix/store/46cm4s2yjrlqhwdswp8bg41kprgxw59q-texlive-2025-r78234-final-env-texmfdist/tex/latex/etoolbox/etoolbox.sty
Package: etoolbox 2025/10/02 v2.5m e-TeX tools for LaTeX (JAW)
\etb@tempcnta=\count298
) (/nix/store/46cm4s2yjrlqhwdswp8bg41kprgxw59q-texlive-2025-r78234-final-env-texmfdist/tex/generic/stringenc/stringenc.sty
Package: stringenc 2019/11/29 v1.12 Convert strings between diff. encodings (HO)
)
\@linkdim=\dimen153
\Hy@linkcounter=\count299
\Hy@pagecounter=\count300
 (/nix/store/46cm4s2yjrlqhwdswp8bg41kprgxw59q-texlive-2025-r78234-final-env-texmfdist/tex/latex/hyperref/pd1enc.def
File: pd1enc.def 2026-01-29 v7.01p Hyperref: PDFDocEncoding definition (HO)
) (/nix/store/46cm4s2yjrlqhwdswp8bg41kprgxw59q-texlive-2025-r78234-final-env-texmfdist/tex/generic/intcalc/intcalc.sty
Package: intcalc 2019/12/15 v1.3 Expandable calculations with integers (HO)
)
\Hy@SavedSpaceFactor=\count301
 (/nix/store/46cm4s2yjrlqhwdswp8bg41kprgxw59q-texlive-2025-r78234-final-env-texmfdist/tex/latex/hyperref/puenc.def
File: puenc.def 2026-01-29 v7.01p Hyperref: PDF Unicode definition (HO)
)
Package hyperref Info: Option `unicode' set `true' on input line 4072.
Package hyperref Info: Hyper figures OFF on input line 4201.
Package hyperref Info: Link nesting OFF on input line 4206.
Package hyperref Info: Hyper index ON on input line 4209.
Package hyperref Info: Plain pages OFF on input line 4216.
Package hyperref Info: Backreferencing OFF on input line 4221.
Package hyperref Info: Implicit mode ON; LaTeX internals redefined.
Package hyperref Info: Bookmarks ON on input line 4468.
\c@Hy@tempcnt=\count302
 (/nix/store/46cm4s2yjrlqhwdswp8bg41kprgxw59q-texlive-2025-r78234-final-env-texmfdist/tex/latex/url/url.sty
\Urlmuskip=\muskip17
Package: url 2013/09/16  ver 3.4  Verb mode for urls, etc.
)
LaTeX Info: Redefining \url on input line 4807.
\XeTeXLinkMargin=\dimen154
 (/nix/store/46cm4s2yjrlqhwdswp8bg41kprgxw59q-texlive-2025-r78234-final-env-texmfdist/tex/generic/bitset/bitset.sty
Package: bitset 2019/12/09 v1.3 Handle bit-vector datatype (HO)
 (/nix/store/46cm4s2yjrlqhwdswp8bg41kprgxw59q-texlive-2025-r78234-final-env-texmfdist/tex/generic/bigintcalc/bigintcalc.sty
Package: bigintcalc 2019/12/15 v1.5 Expandable calculations on big integers (HO)
))
\Fld@menulength=\count303
\Field@Width=\dimen155
\Fld@charsize=\dimen156
Package hyperref Info: Hyper figures OFF on input line 6084.
Package hyperref Info: Link nesting OFF on input line 6089.
Package hyperref Info: Hyper index ON on input line 6092.
Package hyperref Info: backreferencing OFF on input line 6099.
Package hyperref Info: Link coloring OFF on input line 6104.
Package hyperref Info: Link coloring with OCG OFF on input line 6109.
Package hyperref Info: PDF/A mode OFF on input line 6114.
\Hy@abspage=\count304
\c@Item=\count305
\c@Hfootnote=\count306
)
Package hyperref Info: Driver (autodetected): hluatex.
 (/nix/store/46cm4s2yjrlqhwdswp8bg41kprgxw59q-texlive-2025-r78234-final-env-texmfdist/tex/latex/hyperref/hluatex.def
File: hluatex.def 2026-01-29 v7.01p Hyperref driver for luaTeX
\Fld@listcount=\count307
\c@bookmark@seq@number=\count308
 (/nix/store/46cm4s2yjrlqhwdswp8bg41kprgxw59q-texlive-2025-r78234-final-env-texmfdist/tex/latex/rerunfilecheck/rerunfilecheck.sty
Package: rerunfilecheck 2025-06-21 v1.11 Rerun checks for auxiliary files (HO)
 (/nix/store/46cm4s2yjrlqhwdswp8bg41kprgxw59q-texlive-2025-r78234-final-env-texmfdist/tex/generic/uniquecounter/uniquecounter.sty
Package: uniquecounter 2019/12/15 v1.4 Provide unlimited unique counter (HO)
)
Package uniquecounter Info: New unique counter `rerunfilecheck' on input line 284.
)
\Hy@SectionHShift=\skip65
) (/nix/store/46cm4s2yjrlqhwdswp8bg41kprgxw59q-texlive-2025-r78234-final-env-texmfdist/tex/latex/bookmark/bookmark.sty
Package: bookmark 2023-12-10 v1.31 PDF bookmarks (HO)
 (/nix/store/46cm4s2yjrlqhwdswp8bg41kprgxw59q-texlive-2025-r78234-final-env-texmfdist/tex/latex/bookmark/bkm-pdftex.def
File: bkm-pdftex.def 2023-12-10 v1.31 bookmark driver for pdfTeX and luaTeX (HO)
\BKM@id=\count309
)) (/nix/store/46cm4s2yjrlqhwdswp8bg41kprgxw59q-texlive-2025-r78234-final-env-texmfdist/tex/latex/tuda-ci/tudarules.sty
Package: tudarules 2025-11-13 v4.05 Creation of colored bars for the tuda-ci bundle
\g_ptxcd_titlerule_dim=\dimen157
\c_ptxcd_largerule_dim=\dimen158
\c_ptxcd_rulesep_dim=\dimen159
\c_ptxcd_smallrule_dim=\dimen160
\c_ptxcd_logoheight_dim=\dimen161
\l_ptxcd_headrule_width_dim=\dimen162
) (/nix/store/46cm4s2yjrlqhwdswp8bg41kprgxw59q-texlive-2025-r78234-final-env-texmfdist/tex/latex/adjustbox/trimclip.sty
Package: trimclip 2025/02/21 v1.2a Trim and clip general TeX material
 (/nix/store/46cm4s2yjrlqhwdswp8bg41kprgxw59q-texlive-2025-r78234-final-env-texmfdist/tex/latex/collectbox/collectbox.sty
Package: collectbox 2022/10/17 v0.4c Collect macro arguments as boxes
\collectedbox=\box55
) (/nix/store/46cm4s2yjrlqhwdswp8bg41kprgxw59q-texlive-2025-r78234-final-env-texmfdist/tex/latex/adjustbox/adjcalc.sty
Package: adjcalc 2012/05/16 v1.1 Provides advanced setlength with multiple back-ends (calc, etex, pgfmath)
)
\tc@llx=\dimen163
\tc@lly=\dimen164
\tc@urx=\dimen165
\tc@ury=\dimen166
Package trimclip Info: Using driver 'tc-luatex.def'.
 (/nix/store/46cm4s2yjrlqhwdswp8bg41kprgxw59q-texlive-2025-r78234-final-env-texmfdist/tex/latex/adjustbox/tc-luatex.def
File: tc-luatex.def 2025/02/26 v1.1 Clipping driver for luatex
 (/nix/store/46cm4s2yjrlqhwdswp8bg41kprgxw59q-texlive-2025-r78234-final-env-texmfdist/tex/latex/adjustbox/tc-pdftex.def
File: tc-pdftex.def 2025/02/26 v2.3 Clipping driver for pdftex
)))
\g_ptxcd_marginpar_dim=\dimen167
\g_ptxcd_innerMargin_dim=\dimen168
\g_ptxcd_outerMargin_dim=\dimen169
\g_ptxcd_bottomMargin_dim=\dimen170
\g_ptxcd_topMargin_dim=\dimen171
\g_ptxcd_columnSep_dim=\dimen172
\g_ptxcd_headwidth_dim=\dimen173
\g_ptxcd_headheight_dim=\dimen174
 (/nix/store/46cm4s2yjrlqhwdswp8bg41kprgxw59q-texlive-2025-r78234-final-env-texmfdist/tex/latex/geometry/geometry.sty
Package: geometry 2020/01/02 v5.9 Page Geometry
 (/nix/store/46cm4s2yjrlqhwdswp8bg41kprgxw59q-texlive-2025-r78234-final-env-texmfdist/tex/generic/iftex/ifvtex.sty
Package: ifvtex 2019/10/25 v1.7 ifvtex legacy package. Use iftex instead.
)
\Gm@cnth=\count310
\Gm@cntv=\count311
\c@Gm@tempcnt=\count312
\Gm@bindingoffset=\dimen175
\Gm@wd@mp=\dimen176
\Gm@odd@mp=\dimen177
\Gm@even@mp=\dimen178
\Gm@layoutwidth=\dimen179
\Gm@layoutheight=\dimen180
\Gm@layouthoffset=\dimen181
\Gm@layoutvoffset=\dimen182
\Gm@dimlist=\toks22
)
\l__ptxcd_titlegraphic_box=\box56
\g_ptxcd_title_box=\box57
\g_ptxcd_title_fill_skip=\skip66
 (/nix/store/46cm4s2yjrlqhwdswp8bg41kprgxw59q-texlive-2025-r78234-final-env-texmfdist/tex/latex/tuda-ci/tuda-a4paper.clo
File: tuda-a4paper.clo 2025-11-13 v4.05 tuda-ci size adjustments for a4paper
)
\g_ptxcd_title_info_box=\box58
\ptxcd_title_headline_box=\box59

Package tuda-ci Info: The tudapub class will not create PDF/A.

\g_ptxcd_sponsor_box=\box60
\g_ptxcd_PaperID_box=\box61
) (/nix/store/46cm4s2yjrlqhwdswp8bg41kprgxw59q-texlive-2025-r78234-final-env-texmfdist/tex/generic/babel/babel.sty
Package: babel 2026/02/14 v26.3 The multilingual framework for LuaLaTeX, pdfLaTeX and XeLaTeX
 (/nix/store/46cm4s2yjrlqhwdswp8bg41kprgxw59q-texlive-2025-r78234-final-env-texmfdist/tex/generic/babel/luababel.def
\bbl@readstream=\read2
\l@dumylang=\language2
Package babel Info: Non-standard hyphenation setup on input line 118.
\l@nohyphenation=\language3
\l@german-x-2024-02-28=\language4
\l@ngerman-x-2024-02-28=\language5
\l@afrikaans=\language6
\l@albanian=\language7
\l@ancientgreek=\language8
\l@ibycus=\language9
\l@arabic=\language10
\l@armenian=\language11
\l@basque=\language12
\l@belarusian=\language13
\l@bulgarian=\language14
\l@catalan=\language15
\l@pinyin=\language16
\l@churchslavonic=\language17
\l@coptic=\language18
\l@croatian=\language19
\l@czech=\language20
\l@danish=\language21
\l@dutch=\language22
\l@ukenglish=\language23
\l@usenglishmax=\language24
\l@esperanto=\language25
\l@estonian=\language26
\l@ethiopic=\language27
\l@farsi=\language28
\l@finnish=\language29
\l@schoolfinnish=\language30
\l@french=\language31
\l@friulan=\language32
\l@galician=\language33
\l@georgian=\language34
\l@german=\language35
\l@ngerman=\language36
\l@swissgerman=\language37
\l@greek=\language38
\l@monogreek=\language39
\l@hebrew=\language40
\l@hungarian=\language41
\l@icelandic=\language42
\l@assamese=\language43
\l@bengali=\language44
\l@gujarati=\language45
\l@hindi=\language46
\l@kannada=\language47
\l@malayalam=\language48
\l@marathi=\language49
\l@oriya=\language50
\l@pali=\language51
\l@panjabi=\language52
\l@tamil=\language53
\l@telugu=\language54
\l@indonesian=\language55
\l@interlingua=\language56
\l@irish=\language57
\l@italian=\language58
\l@kurmanji=\language59
\l@classiclatin=\language60
\l@latin=\language61
\l@liturgicallatin=\language62
\l@latvian=\language63
\l@lithuanian=\language64
\l@macedonian=\language65
\l@mongolian=\language66
\l@mongolianlmc=\language67
\l@bokmal=\language68
\l@nynorsk=\language69
\l@occitan=\language70
\l@piedmontese=\language71
\l@polish=\language72
\l@portuguese=\language73
\l@romanian=\language74
\l@romansh=\language75
\l@russian=\language76
\l@sanskrit=\language77
\l@serbian=\language78
\l@serbianc=\language79
\l@slovak=\language80
\l@slovenian=\language81
\l@spanish=\language82
\l@swedish=\language83
\l@thai=\language84
\l@turkish=\language85
\l@turkmen=\language86
\l@ukrainian=\language87
\l@uppersorbian=\language88
\l@vietnamese=\language89
\l@welsh=\language90
\babelcatcodetablenum=\catcodetable15
\bbl@pattcodes=\catcodetable16
)
\babel@savecnt=\count313
LaTeX Encoding Info:    Redeclaring text command \ij (encoding OT1) on input line 2078.
LaTeX Encoding Info:    Redeclaring text command \IJ (encoding OT1) on input line 2080.
LaTeX Encoding Info:    Redeclaring text command \ij (encoding T1) on input line 2082.
LaTeX Encoding Info:    Redeclaring text command \IJ (encoding T1) on input line 2083.
LaTeX Encoding Info:    Ignoring declaration for text command \ij (encoding ?) on input line 2084.
LaTeX Encoding Info:    Ignoring declaration for text command \IJ (encoding ?) on input line 2086.
LaTeX Encoding Info:    Ignoring declaration for text command \SS (encoding ?) on input line 2111.
\U@D=\dimen183
\l@unhyphenated=\language91
 (/nix/store/46cm4s2yjrlqhwdswp8bg41kprgxw59q-texlive-2025-r78234-final-env-texmfdist/tex/generic/babel/luababel.def
\bbl@attr@locale=\attribute4
) (/nix/store/46cm4s2yjrlqhwdswp8bg41kprgxw59q-texlive-2025-r78234-final-env-texmfdist/tex/generic/babel/locale/en/babel-english.tex)
Package babel Info: Importing font and identification data for english
(babel)             from babel-en.ini. Reported on input line 4330.
 (/nix/store/46cm4s2yjrlqhwdswp8bg41kprgxw59q-texlive-2025-r78234-final-env-texmfdist/tex/generic/babel-english/english.ldf
Language: english 2017/06/06 v3.3r English support from the babel system
Package babel Info: Hyphen rules for 'canadian' set to \l@english
(babel)             (\language0). Reported on input line 102.
Package babel Info: Hyphen rules for 'australian' set to \l@ukenglish
(babel)             (\language23). Reported on input line 105.
Package babel Info: Hyphen rules for 'newzealand' set to \l@ukenglish
(babel)             (\language23). Reported on input line 108.
)) (/nix/store/46cm4s2yjrlqhwdswp8bg41kprgxw59q-texlive-2025-r78234-final-env-texmfdist/tex/latex/csquotes/csquotes.sty
Package: csquotes 2024-04-04 v5.2o context-sensitive quotations (JAW)
\csq@reset=\count314
\csq@gtype=\count315
\csq@glevel=\count316
\csq@qlevel=\count317
\csq@maxlvl=\count318
\csq@tshold=\count319
\csq@ltx@everypar=\toks23
 (/nix/store/46cm4s2yjrlqhwdswp8bg41kprgxw59q-texlive-2025-r78234-final-env-texmfdist/tex/latex/csquotes/csquotes.def
File: csquotes.def 2024-04-04 v5.2o csquotes generic definitions (JAW)
)
Package csquotes Info: Trying to load configuration file 'csquotes.cfg'...
Package csquotes Info: ... configuration file loaded successfully.
 (/nix/store/46cm4s2yjrlqhwdswp8bg41kprgxw59q-texlive-2025-r78234-final-env-texmfdist/tex/latex/csquotes/csquotes.cfg
File: csquotes.cfg 
)
Package csquotes Info: Enabling multilingual quotes.
) (/nix/store/46cm4s2yjrlqhwdswp8bg41kprgxw59q-texlive-2025-r78234-final-env-texmfdist/tex/generic/soul/soul.sty
Package: soul 2023-06-14 v3.1 Permit use of UTF-8 characters in soul (HO)
 (/nix/store/46cm4s2yjrlqhwdswp8bg41kprgxw59q-texlive-2025-r78234-final-env-texmfdist/tex/generic/soul/soul-ori.sty
Package: soul-ori 2023-06-14 v3.1 letterspacing/underlining (mf)
\SOUL@word=\toks24
\SOUL@lasttoken=\toks25
\SOUL@syllable=\toks26
\SOUL@cmds=\toks27
\SOUL@buffer=\toks28
\SOUL@token=\toks29
\SOUL@syllgoal=\dimen184
\SOUL@syllwidth=\dimen185
\SOUL@charkern=\dimen186
\SOUL@hyphkern=\dimen187
\SOUL@dimen=\dimen188
\SOUL@dimeni=\dimen189
\SOUL@minus=\count320
\SOUL@comma=\count321
\SOUL@apo=\count322
\SOUL@grave=\count323
\SOUL@spaceskip=\skip67
\SOUL@ttwidth=\dimen190
\SOUL@uldp=\dimen191
\SOUL@ulht=\dimen192
) (/nix/store/46cm4s2yjrlqhwdswp8bg41kprgxw59q-texlive-2025-r78234-final-env-texmfdist/tex/generic/etexcmds/etexcmds.sty
Package: etexcmds 2019/12/15 v1.7 Avoid name clashes with e-TeX commands (HO)
)) (/nix/store/46cm4s2yjrlqhwdswp8bg41kprgxw59q-texlive-2025-r78234-final-env-texmfdist/tex/latex/tcolorbox/tcolorbox.sty
Package: tcolorbox 2025/11/28 version 6.9.0 text color boxes
 (/nix/store/46cm4s2yjrlqhwdswp8bg41kprgxw59q-texlive-2025-r78234-final-env-texmfdist/tex/latex/pgf/frontendlayer/tikz.sty (/nix/store/46cm4s2yjrlqhwdswp8bg41kprgxw59q-texlive-2025-r78234-final-env-texmfdist/tex/latex/pgf/basiclayer/pgf.sty (/nix/store/46cm4s2yjrlqhwdswp8bg41kprgxw59q-texlive-2025-r78234-final-env-texmfdist/tex/latex/pgf/utilities/pgfrcs.sty (/nix/store/46cm4s2yjrlqhwdswp8bg41kprgxw59q-texlive-2025-r78234-final-env-texmfdist/tex/generic/pgf/utilities/pgfutil-common.tex
\pgfutil@everybye=\toks30
\pgfutil@tempdima=\dimen193
\pgfutil@tempdimb=\dimen194
) (/nix/store/46cm4s2yjrlqhwdswp8bg41kprgxw59q-texlive-2025-r78234-final-env-texmfdist/tex/generic/pgf/utilities/pgfutil-latex.def
\pgfutil@abb=\box62
) (/nix/store/46cm4s2yjrlqhwdswp8bg41kprgxw59q-texlive-2025-r78234-final-env-texmfdist/tex/generic/pgf/utilities/pgfrcs.code.tex (/nix/store/46cm4s2yjrlqhwdswp8bg41kprgxw59q-texlive-2025-r78234-final-env-texmfdist/tex/generic/pgf/pgf.revision.tex)
Package: pgfrcs 2025-08-29 v3.1.11a (3.1.11a)
))
Package: pgf 2025-08-29 v3.1.11a (3.1.11a)
 (/nix/store/46cm4s2yjrlqhwdswp8bg41kprgxw59q-texlive-2025-r78234-final-env-texmfdist/tex/latex/pgf/basiclayer/pgfcore.sty (/nix/store/46cm4s2yjrlqhwdswp8bg41kprgxw59q-texlive-2025-r78234-final-env-texmfdist/tex/latex/pgf/systemlayer/pgfsys.sty
(/nix/store/46cm4s2yjrlqhwdswp8bg41kprgxw59q-texlive-2025-r78234-final-env-texmfdist/tex/generic/pgf/systemlayer/pgfsys.code.tex
Package: pgfsys 2025-08-29 v3.1.11a (3.1.11a)
 (/nix/store/46cm4s2yjrlqhwdswp8bg41kprgxw59q-texlive-2025-r78234-final-env-texmfdist/tex/generic/pgf/utilities/pgfkeys.code.tex
\pgfkeys@pathtoks=\toks31
\pgfkeys@temptoks=\toks32
 (/nix/store/46cm4s2yjrlqhwdswp8bg41kprgxw59q-texlive-2025-r78234-final-env-texmfdist/tex/generic/pgf/utilities/pgfkeyslibraryfiltered.code.tex
\pgfkeys@tmptoks=\toks33
))
\pgf@x=\dimen195
\pgf@y=\dimen196
\pgf@xa=\dimen197
\pgf@ya=\dimen198
\pgf@xb=\dimen199
\pgf@yb=\dimen256
\pgf@xc=\dimen257
\pgf@yc=\dimen258
\pgf@xd=\dimen259
\pgf@yd=\dimen260
\w@pgf@writea=\write3
\r@pgf@reada=\read3
\c@pgf@counta=\count324
\c@pgf@countb=\count325
\c@pgf@countc=\count326
\c@pgf@countd=\count327
\t@pgf@toka=\toks34
\t@pgf@tokb=\toks35
\t@pgf@tokc=\toks36
\pgf@sys@id@count=\count328
 (/nix/store/46cm4s2yjrlqhwdswp8bg41kprgxw59q-texlive-2025-r78234-final-env-texmfdist/tex/generic/pgf/systemlayer/pgf.cfg
File: pgf.cfg 2025-08-29 v3.1.11a (3.1.11a)
)
Driver file for pgf: pgfsys-luatex.def
 (/nix/store/46cm4s2yjrlqhwdswp8bg41kprgxw59q-texlive-2025-r78234-final-env-texmfdist/tex/generic/pgf/systemlayer/pgfsys-luatex.def
File: pgfsys-luatex.def 2025-08-29 v3.1.11a (3.1.11a)
 (/nix/store/46cm4s2yjrlqhwdswp8bg41kprgxw59q-texlive-2025-r78234-final-env-texmfdist/tex/generic/pgf/systemlayer/pgfsys-common-pdf.def
File: pgfsys-common-pdf.def 2025-08-29 v3.1.11a (3.1.11a)
))) (/nix/store/46cm4s2yjrlqhwdswp8bg41kprgxw59q-texlive-2025-r78234-final-env-texmfdist/tex/generic/pgf/systemlayer/pgfsyssoftpath.code.tex
File: pgfsyssoftpath.code.tex 2025-08-29 v3.1.11a (3.1.11a)
\pgfsyssoftpath@smallbuffer@items=\count329
\pgfsyssoftpath@bigbuffer@items=\count330
) (/nix/store/46cm4s2yjrlqhwdswp8bg41kprgxw59q-texlive-2025-r78234-final-env-texmfdist/tex/generic/pgf/systemlayer/pgfsysprotocol.code.tex
File: pgfsysprotocol.code.tex 2025-08-29 v3.1.11a (3.1.11a)
)) (/nix/store/46cm4s2yjrlqhwdswp8bg41kprgxw59q-texlive-2025-r78234-final-env-texmfdist/tex/generic/pgf/basiclayer/pgfcore.code.tex
Package: pgfcore 2025-08-29 v3.1.11a (3.1.11a)
 (/nix/store/46cm4s2yjrlqhwdswp8bg41kprgxw59q-texlive-2025-r78234-final-env-texmfdist/tex/generic/pgf/math/pgfmath.code.tex (/nix/store/46cm4s2yjrlqhwdswp8bg41kprgxw59q-texlive-2025-r78234-final-env-texmfdist/tex/generic/pgf/math/pgfmathutil.code.tex) (/nix/store/46cm4s2yjrlqhwdswp8bg41kprgxw59q-texlive-2025-r78234-final-env-texmfdist/tex/generic/pgf/math/pgfmathparser.code.tex
\pgfmath@dimen=\dimen261
\pgfmath@count=\count331
\pgfmath@box=\box63
\pgfmath@toks=\toks37
\pgfmath@stack@operand=\toks38
\pgfmath@stack@operation=\toks39
) (/nix/store/46cm4s2yjrlqhwdswp8bg41kprgxw59q-texlive-2025-r78234-final-env-texmfdist/tex/generic/pgf/math/pgfmathfunctions.code.tex) (/nix/store/46cm4s2yjrlqhwdswp8bg41kprgxw59q-texlive-2025-r78234-final-env-texmfdist/tex/generic/pgf/math/pgfmathfunctions.basic.code.tex) (/nix/store/46cm4s2yjrlqhwdswp8bg41kprgxw59q-texlive-2025-r78234-final-env-texmfdist/tex/generic/pgf/math/pgfmathfunctions.trigonometric.code.tex) (/nix/store/46cm4s2yjrlqhwdswp8bg41kprgxw59q-texlive-2025-r78234-final-env-texmfdist/tex/generic/pgf/math/pgfmathfunctions.random.code.tex) (/nix/store/46cm4s2yjrlqhwdswp8bg41kprgxw59q-texlive-2025-r78234-final-env-texmfdist/tex/generic/pgf/math/pgfmathfunctions.comparison.code.tex) (/nix/store/46cm4s2yjrlqhwdswp8bg41kprgxw59q-texlive-2025-r78234-final-env-texmfdist/tex/generic/pgf/math/pgfmathfunctions.base.code.tex) (/nix/store/46cm4s2yjrlqhwdswp8bg41kprgxw59q-texlive-2025-r78234-final-env-texmfdist/tex/generic/pgf/math/pgfmathfunctions.round.code.tex) (/nix/store/46cm4s2yjrlqhwdswp8bg41kprgxw59q-texlive-2025-r78234-final-env-texmfdist/tex/generic/pgf/math/pgfmathfunctions.misc.code.tex) (/nix/store/46cm4s2yjrlqhwdswp8bg41kprgxw59q-texlive-2025-r78234-final-env-texmfdist/tex/generic/pgf/math/pgfmathfunctions.integerarithmetics.code.tex) (/nix/store/46cm4s2yjrlqhwdswp8bg41kprgxw59q-texlive-2025-r78234-final-env-texmfdist/tex/generic/pgf/math/pgfmathcalc.code.tex) (/nix/store/46cm4s2yjrlqhwdswp8bg41kprgxw59q-texlive-2025-r78234-final-env-texmfdist/tex/generic/pgf/math/pgfmathfloat.code.tex
\c@pgfmathroundto@lastzeros=\count332
)) (/nix/store/46cm4s2yjrlqhwdswp8bg41kprgxw59q-texlive-2025-r78234-final-env-texmfdist/tex/generic/pgf/math/pgfint.code.tex) (/nix/store/46cm4s2yjrlqhwdswp8bg41kprgxw59q-texlive-2025-r78234-final-env-texmfdist/tex/generic/pgf/basiclayer/pgfcorepoints.code.tex
File: pgfcorepoints.code.tex 2025-08-29 v3.1.11a (3.1.11a)
\pgf@picminx=\dimen262
\pgf@picmaxx=\dimen263
\pgf@picminy=\dimen264
\pgf@picmaxy=\dimen265
\pgf@pathminx=\dimen266
\pgf@pathmaxx=\dimen267
\pgf@pathminy=\dimen268
\pgf@pathmaxy=\dimen269
\pgf@xx=\dimen270
\pgf@xy=\dimen271
\pgf@yx=\dimen272
\pgf@yy=\dimen273
\pgf@zx=\dimen274
\pgf@zy=\dimen275
) (/nix/store/46cm4s2yjrlqhwdswp8bg41kprgxw59q-texlive-2025-r78234-final-env-texmfdist/tex/generic/pgf/basiclayer/pgfcorepathconstruct.code.tex
File: pgfcorepathconstruct.code.tex 2025-08-29 v3.1.11a (3.1.11a)
\pgf@path@lastx=\dimen276
\pgf@path@lasty=\dimen277
) (/nix/store/46cm4s2yjrlqhwdswp8bg41kprgxw59q-texlive-2025-r78234-final-env-texmfdist/tex/generic/pgf/basiclayer/pgfcorepathusage.code.tex
File: pgfcorepathusage.code.tex 2025-08-29 v3.1.11a (3.1.11a)
\pgf@shorten@end@additional=\dimen278
\pgf@shorten@start@additional=\dimen279
) (/nix/store/46cm4s2yjrlqhwdswp8bg41kprgxw59q-texlive-2025-r78234-final-env-texmfdist/tex/generic/pgf/basiclayer/pgfcorescopes.code.tex
File: pgfcorescopes.code.tex 2025-08-29 v3.1.11a (3.1.11a)
\pgfpic=\box64
\pgf@hbox=\box65
\pgf@layerbox@main=\box66
\pgf@picture@serial@count=\count333
) (/nix/store/46cm4s2yjrlqhwdswp8bg41kprgxw59q-texlive-2025-r78234-final-env-texmfdist/tex/generic/pgf/basiclayer/pgfcoregraphicstate.code.tex
File: pgfcoregraphicstate.code.tex 2025-08-29 v3.1.11a (3.1.11a)
\pgflinewidth=\dimen280
) (/nix/store/46cm4s2yjrlqhwdswp8bg41kprgxw59q-texlive-2025-r78234-final-env-texmfdist/tex/generic/pgf/basiclayer/pgfcoretransformations.code.tex
File: pgfcoretransformations.code.tex 2025-08-29 v3.1.11a (3.1.11a)
\pgf@pt@x=\dimen281
\pgf@pt@y=\dimen282
\pgf@pt@temp=\dimen283
) (/nix/store/46cm4s2yjrlqhwdswp8bg41kprgxw59q-texlive-2025-r78234-final-env-texmfdist/tex/generic/pgf/basiclayer/pgfcorequick.code.tex
File: pgfcorequick.code.tex 2025-08-29 v3.1.11a (3.1.11a)
) (/nix/store/46cm4s2yjrlqhwdswp8bg41kprgxw59q-texlive-2025-r78234-final-env-texmfdist/tex/generic/pgf/basiclayer/pgfcoreobjects.code.tex
File: pgfcoreobjects.code.tex 2025-08-29 v3.1.11a (3.1.11a)
) (/nix/store/46cm4s2yjrlqhwdswp8bg41kprgxw59q-texlive-2025-r78234-final-env-texmfdist/tex/generic/pgf/basiclayer/pgfcorepathprocessing.code.tex
File: pgfcorepathprocessing.code.tex 2025-08-29 v3.1.11a (3.1.11a)
) (/nix/store/46cm4s2yjrlqhwdswp8bg41kprgxw59q-texlive-2025-r78234-final-env-texmfdist/tex/generic/pgf/basiclayer/pgfcorearrows.code.tex
File: pgfcorearrows.code.tex 2025-08-29 v3.1.11a (3.1.11a)
\pgfarrowsep=\dimen284
) (/nix/store/46cm4s2yjrlqhwdswp8bg41kprgxw59q-texlive-2025-r78234-final-env-texmfdist/tex/generic/pgf/basiclayer/pgfcoreshade.code.tex
File: pgfcoreshade.code.tex 2025-08-29 v3.1.11a (3.1.11a)
\pgf@max=\dimen285
\pgf@sys@shading@range@num=\count334
\pgf@shadingcount=\count335
) (/nix/store/46cm4s2yjrlqhwdswp8bg41kprgxw59q-texlive-2025-r78234-final-env-texmfdist/tex/generic/pgf/basiclayer/pgfcoreimage.code.tex
File: pgfcoreimage.code.tex 2025-08-29 v3.1.11a (3.1.11a)
) (/nix/store/46cm4s2yjrlqhwdswp8bg41kprgxw59q-texlive-2025-r78234-final-env-texmfdist/tex/generic/pgf/basiclayer/pgfcoreexternal.code.tex
File: pgfcoreexternal.code.tex 2025-08-29 v3.1.11a (3.1.11a)
\pgfexternal@startupbox=\box67
) (/nix/store/46cm4s2yjrlqhwdswp8bg41kprgxw59q-texlive-2025-r78234-final-env-texmfdist/tex/generic/pgf/basiclayer/pgfcorelayers.code.tex
File: pgfcorelayers.code.tex 2025-08-29 v3.1.11a (3.1.11a)
) (/nix/store/46cm4s2yjrlqhwdswp8bg41kprgxw59q-texlive-2025-r78234-final-env-texmfdist/tex/generic/pgf/basiclayer/pgfcoretransparency.code.tex
File: pgfcoretransparency.code.tex 2025-08-29 v3.1.11a (3.1.11a)
) (/nix/store/46cm4s2yjrlqhwdswp8bg41kprgxw59q-texlive-2025-r78234-final-env-texmfdist/tex/generic/pgf/basiclayer/pgfcorepatterns.code.tex
File: pgfcorepatterns.code.tex 2025-08-29 v3.1.11a (3.1.11a)
) (/nix/store/46cm4s2yjrlqhwdswp8bg41kprgxw59q-texlive-2025-r78234-final-env-texmfdist/tex/generic/pgf/basiclayer/pgfcorerdf.code.tex
File: pgfcorerdf.code.tex 2025-08-29 v3.1.11a (3.1.11a)
))) (/nix/store/46cm4s2yjrlqhwdswp8bg41kprgxw59q-texlive-2025-r78234-final-env-texmfdist/tex/generic/pgf/modules/pgfmoduleshapes.code.tex
File: pgfmoduleshapes.code.tex 2025-08-29 v3.1.11a (3.1.11a)
\pgfnodeparttextbox=\box68
) (/nix/store/46cm4s2yjrlqhwdswp8bg41kprgxw59q-texlive-2025-r78234-final-env-texmfdist/tex/generic/pgf/modules/pgfmoduleplot.code.tex
File: pgfmoduleplot.code.tex 2025-08-29 v3.1.11a (3.1.11a)
) (/nix/store/46cm4s2yjrlqhwdswp8bg41kprgxw59q-texlive-2025-r78234-final-env-texmfdist/tex/latex/pgf/compatibility/pgfcomp-version-0-65.sty
Package: pgfcomp-version-0-65 2025-08-29 v3.1.11a (3.1.11a)
\pgf@nodesepstart=\dimen286
\pgf@nodesepend=\dimen287
) (/nix/store/46cm4s2yjrlqhwdswp8bg41kprgxw59q-texlive-2025-r78234-final-env-texmfdist/tex/latex/pgf/compatibility/pgfcomp-version-1-18.sty
Package: pgfcomp-version-1-18 2025-08-29 v3.1.11a (3.1.11a)
)) (/nix/store/46cm4s2yjrlqhwdswp8bg41kprgxw59q-texlive-2025-r78234-final-env-texmfdist/tex/latex/pgf/utilities/pgffor.sty (/nix/store/46cm4s2yjrlqhwdswp8bg41kprgxw59q-texlive-2025-r78234-final-env-texmfdist/tex/latex/pgf/utilities/pgfkeys.sty (/nix/store/46cm4s2yjrlqhwdswp8bg41kprgxw59q-texlive-2025-r78234-final-env-texmfdist/tex/generic/pgf/utilities/pgfkeys.code.tex)) (/nix/store/46cm4s2yjrlqhwdswp8bg41kprgxw59q-texlive-2025-r78234-final-env-texmfdist/tex/latex/pgf/math/pgfmath.sty (/nix/store/46cm4s2yjrlqhwdswp8bg41kprgxw59q-texlive-2025-r78234-final-env-texmfdist/tex/generic/pgf/math/pgfmath.code.tex)) (/nix/store/46cm4s2yjrlqhwdswp8bg41kprgxw59q-texlive-2025-r78234-final-env-texmfdist/tex/generic/pgf/utilities/pgffor.code.tex
Package: pgffor 2025-08-29 v3.1.11a (3.1.11a)
\pgffor@iter=\dimen288
\pgffor@skip=\dimen289
\pgffor@stack=\toks40
\pgffor@toks=\toks41
)) (/nix/store/46cm4s2yjrlqhwdswp8bg41kprgxw59q-texlive-2025-r78234-final-env-texmfdist/tex/generic/pgf/frontendlayer/tikz/tikz.code.tex
Package: tikz 2025-08-29 v3.1.11a (3.1.11a)
 (/nix/store/46cm4s2yjrlqhwdswp8bg41kprgxw59q-texlive-2025-r78234-final-env-texmfdist/tex/generic/pgf/libraries/pgflibraryplothandlers.code.tex
File: pgflibraryplothandlers.code.tex 2025-08-29 v3.1.11a (3.1.11a)
\pgf@plot@mark@count=\count336
\pgfplotmarksize=\dimen290
)
\tikz@lastx=\dimen291
\tikz@lasty=\dimen292
\tikz@lastxsaved=\dimen293
\tikz@lastysaved=\dimen294
\tikz@lastmovetox=\dimen295
\tikz@lastmovetoy=\dimen296
\tikzleveldistance=\dimen297
\tikzsiblingdistance=\dimen298
\tikz@figbox=\box69
\tikz@figbox@bg=\box70
\tikz@tempbox=\box71
\tikz@tempbox@bg=\box72
\tikztreelevel=\count337
\tikznumberofchildren=\count338
\tikznumberofcurrentchild=\count339
\tikz@fig@count=\count340
 (/nix/store/46cm4s2yjrlqhwdswp8bg41kprgxw59q-texlive-2025-r78234-final-env-texmfdist/tex/generic/pgf/modules/pgfmodulematrix.code.tex
File: pgfmodulematrix.code.tex 2025-08-29 v3.1.11a (3.1.11a)
\pgfmatrixcurrentrow=\count341
\pgfmatrixcurrentcolumn=\count342
\pgf@matrix@numberofcolumns=\count343
)
\tikz@expandcount=\count344
 (/nix/store/46cm4s2yjrlqhwdswp8bg41kprgxw59q-texlive-2025-r78234-final-env-texmfdist/tex/generic/pgf/frontendlayer/tikz/libraries/tikzlibrarytopaths.code.tex
File: tikzlibrarytopaths.code.tex 2025-08-29 v3.1.11a (3.1.11a)
))) (/nix/store/46cm4s2yjrlqhwdswp8bg41kprgxw59q-texlive-2025-r78234-final-env-texmfdist/tex/latex/tools/verbatim.sty
Package: verbatim 2024-01-22 v1.5x LaTeX2e package for verbatim enhancements
\every@verbatim=\toks42
\verbatim@line=\toks43
\verbatim@in@stream=\read4
) (/nix/store/46cm4s2yjrlqhwdswp8bg41kprgxw59q-texlive-2025-r78234-final-env-texmfdist/tex/latex/environ/environ.sty
Package: environ 2014/05/04 v0.3 A new way to define environments
 (/nix/store/46cm4s2yjrlqhwdswp8bg41kprgxw59q-texlive-2025-r78234-final-env-texmfdist/tex/latex/trimspaces/trimspaces.sty
Package: trimspaces 2009/09/17 v1.1 Trim spaces around a token list
)
\@envbody=\toks44
)
\tcb@titlebox=\box73
\tcb@upperbox=\box74
\tcb@lowerbox=\box75
\tcb@phantombox=\box76
\c@tcbbreakpart=\count345
\c@tcblayer=\count346
\c@tcolorbox@number=\count347
\l__tcobox_tmpa_box=\box77
\l__tcobox_tmpa_dim=\dimen299
\tcb@temp=\box78
\tcb@temp=\box79
\tcb@temp=\box80
\tcb@temp=\box81
 (/nix/store/46cm4s2yjrlqhwdswp8bg41kprgxw59q-texlive-2025-r78234-final-env-texmfdist/tex/latex/tcolorbox/tcbraster.code.tex
Library (tcolorbox): 'tcbraster.code.tex' version '6.9.0'
\c@tcbrastercolumn=\count348
\c@tcbrasterrow=\count349
\c@tcbrasternum=\count350
\c@tcbraster=\count351
) (/nix/store/46cm4s2yjrlqhwdswp8bg41kprgxw59q-texlive-2025-r78234-final-env-texmfdist/tex/latex/tcolorbox/tcbskins.code.tex
Library (tcolorbox): 'tcbskins.code.tex' version '6.9.0'
(/nix/store/46cm4s2yjrlqhwdswp8bg41kprgxw59q-texlive-2025-r78234-final-env-texmfdist/tex/latex/tikzfill/tikzfill.image.sty
Package: tikzfill.image 2023/08/08 v1.0.1 Image filling library for TikZ
 (/nix/store/46cm4s2yjrlqhwdswp8bg41kprgxw59q-texlive-2025-r78234-final-env-texmfdist/tex/latex/tikzfill/tikzfill-common.sty
Package: tikzfill-common 2023/08/08 v1.0.1 Auxiliary code for tikzfill
) (/nix/store/46cm4s2yjrlqhwdswp8bg41kprgxw59q-texlive-2025-r78234-final-env-texmfdist/tex/latex/tikzfill/tikzlibraryfill.image.code.tex
File: tikzlibraryfill.image.code.tex 2023/08/08 v1.0.1 Image filling library
\l__tikzfill_img_box=\box82
)) (/nix/store/46cm4s2yjrlqhwdswp8bg41kprgxw59q-texlive-2025-r78234-final-env-texmfdist/tex/latex/tcolorbox/tcbskinsjigsaw.code.tex
Library (tcolorbox): 'tcbskinsjigsaw.code.tex' version '6.9.0'
)) (/nix/store/46cm4s2yjrlqhwdswp8bg41kprgxw59q-texlive-2025-r78234-final-env-texmfdist/tex/latex/tcolorbox/tcbbreakable.code.tex
Library (tcolorbox): 'tcbbreakable.code.tex' version '6.9.0'
(/nix/store/46cm4s2yjrlqhwdswp8bg41kprgxw59q-texlive-2025-r78234-final-env-texmfdist/tex/latex/pdfcol/pdfcol.sty
Package: pdfcol 2022-09-21 v1.7 Handle new color stacks for pdfTeX (HO)
)
Package pdfcol Info: New color stack `tcb@breakable' = 1 on input line 23.
\tcb@testbox=\box83
\tcb@totalupperbox=\box84
\tcb@totallowerbox=\box85
) (/nix/store/46cm4s2yjrlqhwdswp8bg41kprgxw59q-texlive-2025-r78234-final-env-texmfdist/tex/latex/tcolorbox/tcbhooks.code.tex
Library (tcolorbox): 'tcbhooks.code.tex' version '6.9.0'
) (/nix/store/46cm4s2yjrlqhwdswp8bg41kprgxw59q-texlive-2025-r78234-final-env-texmfdist/tex/latex/tcolorbox/tcbtheorems.code.tex
Library (tcolorbox): 'tcbtheorems.code.tex' version '6.9.0'
(/nix/store/46cm4s2yjrlqhwdswp8bg41kprgxw59q-texlive-2025-r78234-final-env-texmfdist/tex/latex/amsmath/amsmath.sty
Package: amsmath 2025/07/09 v2.17z AMS math features
\@mathmargin=\skip68

For additional information on amsmath, use the `?' option.
(/nix/store/46cm4s2yjrlqhwdswp8bg41kprgxw59q-texlive-2025-r78234-final-env-texmfdist/tex/latex/amsmath/amstext.sty
Package: amstext 2024/11/17 v2.01 AMS text
 (/nix/store/46cm4s2yjrlqhwdswp8bg41kprgxw59q-texlive-2025-r78234-final-env-texmfdist/tex/latex/amsmath/amsgen.sty
File: amsgen.sty 1999/11/30 v2.0 generic functions
\@emptytoks=\toks45
\ex@=\dimen300
)) (/nix/store/46cm4s2yjrlqhwdswp8bg41kprgxw59q-texlive-2025-r78234-final-env-texmfdist/tex/latex/amsmath/amsbsy.sty
Package: amsbsy 1999/11/29 v1.2d Bold Symbols
\pmbraise@=\dimen301
) (/nix/store/46cm4s2yjrlqhwdswp8bg41kprgxw59q-texlive-2025-r78234-final-env-texmfdist/tex/latex/amsmath/amsopn.sty
Package: amsopn 2022/04/08 v2.04 operator names
)
\inf@bad=\count352
LaTeX Info: Redefining \frac on input line 235.
\uproot@=\count353
\leftroot@=\count354
LaTeX Info: Redefining \overline on input line 398.
LaTeX Info: Redefining \colon on input line 409.
\classnum@=\count355
\DOTSCASE@=\count356
LaTeX Info: Redefining \ldots on input line 495.
LaTeX Info: Redefining \dots on input line 498.
LaTeX Info: Redefining \cdots on input line 619.
\Mathstrutbox@=\box86
\strutbox@=\box87
LaTeX Info: Redefining \big on input line 721.
LaTeX Info: Redefining \Big on input line 722.
LaTeX Info: Redefining \bigg on input line 723.
LaTeX Info: Redefining \Bigg on input line 724.
\big@size=\dimen302
LaTeX Font Info:    Redeclaring font encoding OML on input line 742.
LaTeX Font Info:    Redeclaring font encoding OMS on input line 743.
\macc@depth=\count357
LaTeX Info: Redefining \bmod on input line 904.
LaTeX Info: Redefining \pmod on input line 909.
LaTeX Info: Redefining \smash on input line 939.
LaTeX Info: Redefining \relbar on input line 969.
LaTeX Info: Redefining \Relbar on input line 970.
\c@MaxMatrixCols=\count358
\dotsspace@=\muskip18
\c@parentequation=\count359
\dspbrk@lvl=\count360
\tag@help=\toks46
\row@=\count361
\column@=\count362
\maxfields@=\count363
\andhelp@=\toks47
\eqnshift@=\dimen303
\alignsep@=\dimen304
\tagshift@=\dimen305
\tagwidth@=\dimen306
\totwidth@=\dimen307
\lineht@=\dimen308
\@envbody=\toks48
\multlinegap=\skip69
\multlinetaggap=\skip70
\mathdisplay@stack=\toks49
LaTeX Info: Redefining \[ on input line 2950.
LaTeX Info: Redefining \] on input line 2951.
)) (/nix/store/46cm4s2yjrlqhwdswp8bg41kprgxw59q-texlive-2025-r78234-final-env-texmfdist/tex/latex/tcolorbox/tcbfitting.code.tex
Library (tcolorbox): 'tcbfitting.code.tex' version '6.9.0'
\tcbfitdim=\dimen309
\tcb@lowerfitdim=\dimen310
\tcb@upperfitdim=\dimen311
\tcb@cur@hbadness=\count364
) (/nix/store/46cm4s2yjrlqhwdswp8bg41kprgxw59q-texlive-2025-r78234-final-env-texmfdist/tex/latex/tcolorbox/tcblistingsutf8.code.tex
Library (tcolorbox): 'tcblistingsutf8.code.tex' version '6.9.0'
(/nix/store/46cm4s2yjrlqhwdswp8bg41kprgxw59q-texlive-2025-r78234-final-env-texmfdist/tex/latex/tcolorbox/tcblistings.code.tex
Library (tcolorbox): 'tcblistings.code.tex' version '6.9.0'
(/nix/store/46cm4s2yjrlqhwdswp8bg41kprgxw59q-texlive-2025-r78234-final-env-texmfdist/tex/latex/listings/listings.sty
\lst@mode=\count365
\lst@gtempboxa=\box88
\lst@token=\toks50
\lst@length=\count366
\lst@currlwidth=\dimen312
\lst@column=\count367
\lst@pos=\count368
\lst@lostspace=\dimen313
\lst@width=\dimen314
\lst@newlines=\count369
\lst@lineno=\count370
\lst@maxwidth=\dimen315
 (/nix/store/46cm4s2yjrlqhwdswp8bg41kprgxw59q-texlive-2025-r78234-final-env-texmfdist/tex/latex/listings/lstpatch.sty
File: lstpatch.sty 2025/11/14 1.11b (Carsten Heinz)
) (/nix/store/46cm4s2yjrlqhwdswp8bg41kprgxw59q-texlive-2025-r78234-final-env-texmfdist/tex/latex/listings/lstmisc.sty
File: lstmisc.sty 2025/11/14 1.11b (Carsten Heinz)
\c@lstnumber=\count371
\lst@skipnumbers=\count372
\lst@framebox=\box89
) (/nix/store/46cm4s2yjrlqhwdswp8bg41kprgxw59q-texlive-2025-r78234-final-env-texmfdist/tex/latex/listings/listings.cfg
File: listings.cfg 2025/11/14 1.11b listings configuration
))
Package: listings 2025/11/14 1.11b (Carsten Heinz)

==> First Aid for listings.sty no longer applied!
    Expected:
        2024/09/23 1.10c (Carsten Heinz)
    but found:
        2025/11/14 1.11b (Carsten Heinz)
    so I'm assuming it got fixed.
(/nix/store/46cm4s2yjrlqhwdswp8bg41kprgxw59q-texlive-2025-r78234-final-env-texmfdist/tex/latex/tcolorbox/tcblistingscore.code.tex
Library (tcolorbox): 'tcblistingscore.code.tex' version '6.9.0'
(/nix/store/46cm4s2yjrlqhwdswp8bg41kprgxw59q-texlive-2025-r78234-final-env-texmfdist/tex/latex/tcolorbox/tcbprocessing.code.tex
Library (tcolorbox): 'tcbprocessing.code.tex' version '6.9.0'
)
\c@tcblisting=\count373
))
Package tcolorbox Info: Library `listingsutf8' is compatible with pdftex only. Library `listings` is loaded instead. on input line 29.
) (/nix/store/46cm4s2yjrlqhwdswp8bg41kprgxw59q-texlive-2025-r78234-final-env-texmfdist/tex/latex/tcolorbox/tcbexternal.code.tex
Library (tcolorbox): 'tcbexternal.code.tex' version '6.9.0'
) (/nix/store/46cm4s2yjrlqhwdswp8bg41kprgxw59q-texlive-2025-r78234-final-env-texmfdist/tex/latex/tcolorbox/tcbmagazine.code.tex
Library (tcolorbox): 'tcbmagazine.code.tex' version '6.9.0'
) (/nix/store/46cm4s2yjrlqhwdswp8bg41kprgxw59q-texlive-2025-r78234-final-env-texmfdist/tex/latex/tcolorbox/tcbvignette.code.tex
Library (tcolorbox): 'tcbvignette.code.tex' version '6.9.0'
(/nix/store/46cm4s2yjrlqhwdswp8bg41kprgxw59q-texlive-2025-r78234-final-env-texmfdist/tex/generic/pgf/frontendlayer/tikz/libraries/tikzlibraryfadings.code.tex
File: tikzlibraryfadings.code.tex 2025-08-29 v3.1.11a (3.1.11a)
 (/nix/store/46cm4s2yjrlqhwdswp8bg41kprgxw59q-texlive-2025-r78234-final-env-texmfdist/tex/generic/pgf/libraries/pgflibraryfadings.code.tex
File: pgflibraryfadings.code.tex 2025-08-29 v3.1.11a (3.1.11a)
))) (/nix/store/46cm4s2yjrlqhwdswp8bg41kprgxw59q-texlive-2025-r78234-final-env-texmfdist/tex/latex/tcolorbox/tcbposter.code.tex
Library (tcolorbox): 'tcbposter.code.tex' version '6.9.0'
)) (/nix/store/46cm4s2yjrlqhwdswp8bg41kprgxw59q-texlive-2025-r78234-final-env-texmfdist/tex/latex/cleveref/cleveref.sty
Package: cleveref 2018/03/27 v0.21.4 Intelligent cross-referencing
Package cleveref Info: `hyperref' support loaded on input line 2370.
LaTeX Info: Redefining \cref on input line 2370.
LaTeX Info: Redefining \Cref on input line 2370.
LaTeX Info: Redefining \crefrange on input line 2370.
LaTeX Info: Redefining \Crefrange on input line 2370.
LaTeX Info: Redefining \cpageref on input line 2370.
LaTeX Info: Redefining \Cpageref on input line 2370.
LaTeX Info: Redefining \cpagerefrange on input line 2370.
LaTeX Info: Redefining \Cpagerefrange on input line 2370.
LaTeX Info: Redefining \labelcref on input line 2370.
LaTeX Info: Redefining \labelcpageref on input line 2370.
Package cleveref Info: `listings' support loaded on input line 3131.
)
==> First Aid for cleveref.sty applied!
(/nix/store/46cm4s2yjrlqhwdswp8bg41kprgxw59q-texlive-2025-r78234-final-env-texmfdist/tex/latex/tools/array.sty
Package: array 2025/09/25 v2.6n Tabular extension package (FMi)
\col@sep=\dimen316
\ar@mcellbox=\box90
\extrarowheight=\dimen317
\NC@list=\toks51
\extratabsurround=\skip71
\backup@length=\skip72
\ar@cellbox=\box91
) (/nix/store/46cm4s2yjrlqhwdswp8bg41kprgxw59q-texlive-2025-r78234-final-env-texmfdist/tex/latex/tools/tabularx.sty
Package: tabularx 2023/12/11 v2.12a `tabularx' package (DPC)
\TX@col@width=\dimen318
\TX@old@table=\dimen319
\TX@old@col=\dimen320
\TX@target=\dimen321
\TX@delta=\dimen322
\TX@cols=\count374
\TX@ftn=\toks52
) (/nix/store/46cm4s2yjrlqhwdswp8bg41kprgxw59q-texlive-2025-r78234-final-env-texmfdist/tex/latex/tabulary/tabulary.sty
Package: tabulary 2024/06/04 v0.11 tabulary package (DPC)
\TY@count=\count375
\TY@linewidth=\dimen323
\tymin=\dimen324
\tymax=\dimen325
\TY@tablewidth=\dimen326
) (/nix/store/46cm4s2yjrlqhwdswp8bg41kprgxw59q-texlive-2025-r78234-final-env-texmfdist/tex/latex/booktabs/booktabs.sty
Package: booktabs 2020/01/12 v1.61803398 Publication quality tables
\heavyrulewidth=\dimen327
\lightrulewidth=\dimen328
\cmidrulewidth=\dimen329
\belowrulesep=\dimen330
\belowbottomsep=\dimen331
\aboverulesep=\dimen332
\abovetopsep=\dimen333
\cmidrulesep=\dimen334
\cmidrulekern=\dimen335
\defaultaddspace=\dimen336
\@cmidla=\count376
\@cmidlb=\count377
\@aboverulesep=\dimen337
\@belowrulesep=\dimen338
\@thisruleclass=\count378
\@lastruleclass=\count379
\@thisrulewidth=\dimen339
)
Package csquotes Info: Checking for multilingual support...
Package csquotes Info: ... found 'babel' package.
 (./main.aux)
\openout1 = main.aux

LaTeX Font Info:    Checking defaults for OML/cmm/m/it on input line 62.
LaTeX Font Info:    ... okay on input line 62.
LaTeX Font Info:    Checking defaults for OMS/cmsy/m/n on input line 62.
LaTeX Font Info:    ... okay on input line 62.
LaTeX Font Info:    Checking defaults for OT1/cmr/m/n on input line 62.
LaTeX Font Info:    ... okay on input line 62.
LaTeX Font Info:    Checking defaults for T1/cmr/m/n on input line 62.
LaTeX Font Info:    ... okay on input line 62.
LaTeX Font Info:    Checking defaults for TS1/cmr/m/n on input line 62.
LaTeX Font Info:    ... okay on input line 62.
LaTeX Font Info:    Checking defaults for TU/lmr/m/n on input line 62.
LaTeX Font Info:    ... okay on input line 62.
LaTeX Font Info:    Checking defaults for OMX/cmex/m/n on input line 62.
LaTeX Font Info:    ... okay on input line 62.
LaTeX Font Info:    Checking defaults for U/cmr/m/n on input line 62.
LaTeX Font Info:    ... okay on input line 62.
LaTeX Font Info:    Checking defaults for PD1/pdf/m/n on input line 62.
LaTeX Font Info:    ... okay on input line 62.
LaTeX Font Info:    Checking defaults for PU/pdf/m/n on input line 62.
LaTeX Font Info:    ... okay on input line 62.
Package scrbase Info: activating english \abstractname on input line 62.
Package scrbase Info: activating english \partname on input line 62.
Package scrbase Info: activating english \figurename on input line 62.
Package scrbase Info: activating english \tablename on input line 62.
Package scrbase Info: activating english \contentsname on input line 62.
Package scrbase Info: activating english \listfigurename on input line 62.
Package scrbase Info: activating english \listtablename on input line 62.
Package scrbase Info: activating english \refname on input line 62.
Package scrbase Info: activating english \indexname on input line 62.

Package fontspec Info: 
(fontspec)             Adjusting the maths setup (use [no-math] to avoid
(fontspec)             this).

\symlegacymaths=\mathgroup4
LaTeX Font Info:    Overwriting symbol font `legacymaths' in version `bold'
(Font)                  OT1/cmr/m/n --> OT1/cmr/bx/n on input line 62.
LaTeX Font Info:    Redeclaring math accent \acute on input line 62.
LaTeX Font Info:    Redeclaring math accent \grave on input line 62.
LaTeX Font Info:    Redeclaring math accent \ddot on input line 62.
LaTeX Font Info:    Redeclaring math accent \tilde on input line 62.
LaTeX Font Info:    Redeclaring math accent \bar on input line 62.
LaTeX Font Info:    Redeclaring math accent \breve on input line 62.
LaTeX Font Info:    Redeclaring math accent \check on input line 62.
LaTeX Font Info:    Redeclaring math accent \hat on input line 62.
LaTeX Font Info:    Redeclaring math accent \dot on input line 62.
LaTeX Font Info:    Redeclaring math accent \mathring on input line 62.
LaTeX Font Info:    Redeclaring math symbol \Gamma on input line 62.
LaTeX Font Info:    Redeclaring math symbol \Delta on input line 62.
LaTeX Font Info:    Redeclaring math symbol \Theta on input line 62.
LaTeX Font Info:    Redeclaring math symbol \Lambda on input line 62.
LaTeX Font Info:    Redeclaring math symbol \Xi on input line 62.
LaTeX Font Info:    Redeclaring math symbol \Pi on input line 62.
LaTeX Font Info:    Redeclaring math symbol \Sigma on input line 62.
LaTeX Font Info:    Redeclaring math symbol \Upsilon on input line 62.
LaTeX Font Info:    Redeclaring math symbol \Phi on input line 62.
LaTeX Font Info:    Redeclaring math symbol \Psi on input line 62.
LaTeX Font Info:    Redeclaring math symbol \Omega on input line 62.
LaTeX Font Info:    Redeclaring math symbol \mathdollar on input line 62.
LaTeX Font Info:    Redeclaring symbol font `operators' on input line 62.
LaTeX Font Info:    Encoding `OT1' has changed to `TU' for symbol font
(Font)              `operators' in the math version `normal' on input line 62.
LaTeX Font Info:    Overwriting symbol font `operators' in version `normal'
(Font)                  OT1/cmr/m/n --> TU/XCharter(0)/m/n on input line 62.
LaTeX Font Info:    Encoding `OT1' has changed to `TU' for symbol font
(Font)              `operators' in the math version `bold' on input line 62.
LaTeX Font Info:    Overwriting symbol font `operators' in version `bold'
(Font)                  OT1/cmr/bx/n --> TU/XCharter(0)/m/n on input line 62.
LaTeX Font Info:    Overwriting symbol font `operators' in version `normal'
(Font)                  TU/XCharter(0)/m/n --> TU/XCharter(0)/m/n on input line 62.
LaTeX Font Info:    Overwriting math alphabet `\mathit' in version `normal'
(Font)                  OT1/cmr/m/it --> TU/XCharter(0)/m/it on input line 62.
LaTeX Font Info:    Overwriting math alphabet `\mathbf' in version `normal'
(Font)                  OT1/cmr/bx/n --> TU/XCharter(0)/b/n on input line 62.
LaTeX Font Info:    Overwriting math alphabet `\mathsf' in version `normal'
(Font)                  OT1/cmss/m/n --> TU/Roboto(0)/m/n on input line 62.
LaTeX Font Info:    Overwriting math alphabet `\mathtt' in version `normal'
(Font)                  OT1/cmtt/m/n --> TU/RobotoMono(0)/m/n on input line 62.
LaTeX Font Info:    Overwriting symbol font `operators' in version `bold'
(Font)                  TU/XCharter(0)/m/n --> TU/XCharter(0)/b/n on input line 62.
LaTeX Font Info:    Overwriting math alphabet `\mathit' in version `bold'
(Font)                  OT1/cmr/bx/it --> TU/XCharter(0)/b/it on input line 62.
LaTeX Font Info:    Overwriting math alphabet `\mathsf' in version `bold'
(Font)                  OT1/cmss/bx/n --> TU/Roboto(0)/b/n on input line 62.
LaTeX Font Info:    Overwriting math alphabet `\mathtt' in version `bold'
(Font)                  OT1/cmtt/m/n --> TU/RobotoMono(0)/b/n on input line 62.
 (/nix/store/46cm4s2yjrlqhwdswp8bg41kprgxw59q-texlive-2025-r78234-final-env-texmfdist/tex/context/base/mkii/supp-pdf.mkii
[Loading MPS to PDF converter (version 2006.09.02).]
\scratchcounter=\count380
\scratchdimen=\dimen340
\scratchbox=\box92
\nofMPsegments=\count381
\nofMParguments=\count382
\everyMPshowfont=\toks53
\MPscratchCnt=\count383
\MPscratchDim=\dimen341
\MPnumerator=\count384
\makeMPintoPDFobject=\count385
\everyMPtoPDFconversion=\toks54
) (/nix/store/46cm4s2yjrlqhwdswp8bg41kprgxw59q-texlive-2025-r78234-final-env-texmfdist/tex/latex/epstopdf-pkg/epstopdf-base.sty
Package: epstopdf-base 2020-01-24 v2.11 Base part for package epstopdf
Package epstopdf-base Info: Redefining graphics rule for `.eps' on input line 485.
 (/nix/store/46cm4s2yjrlqhwdswp8bg41kprgxw59q-texlive-2025-r78234-final-env-texmfdist/tex/latex/latexconfig/epstopdf-sys.cfg
File: epstopdf-sys.cfg 2010/07/13 v1.3 Configuration of (r)epstopdf for TeX Live
))
Package hyperref Info: Link coloring OFF on input line 62.

*geometry* driver: auto-detecting
*geometry* detected driver: luatex
*geometry* verbose mode - [ preamble ] result:
* driver: luatex
* paper: a4paper
* layout: <same size as paper>
* layoutoffset:(h,v)=(0.0pt,0.0pt)
* modes: includehead includefoot includemp 
* h-part:(L,W,R)=(42.67912pt, 512.14963pt, 42.67912pt)
* v-part:(T,H,B)=(42.67912pt, 745.46222pt, 56.9055pt)
* \paperwidth=597.50787pt
* \paperheight=845.04684pt
* \textwidth=502.14963pt
* \textheight=660.46033pt
* \oddsidemargin=-29.59087pt
* \evensidemargin=-29.59087pt
* \topmargin=-29.59087pt
* \headheight=30.25194pt
* \headsep=16.42499pt
* \topskip=9.0pt
* \footskip=38.32497pt
* \marginparwidth=0.0pt
* \marginparsep=10.0pt
* \columnsep=10.0pt
* \skip\footins=8.0pt plus 4.0pt minus 2.0pt
* \hoffset=0.0pt
* \voffset=0.0pt
* \mag=1000
* \@twocolumnfalse
* \@twosidefalse
* \@mparswitchfalse
* \@reversemarginfalse
* (1in=72.27pt=25.4mm, 1cm=28.453pt)

\ptxcd_headrule_box=\box93
Package scrbase Info: activating english \authorandname on input line 62.
Package scrbase Info: activating english \ptxcd_datename on input line 62.
\c@lstlisting=\count386
Package tocbasic Info: setting babel extension for `lol' on input line 62.
\scr@dte@lstlisting@maxnumwidth=\skip73
\g__cctab_next_cctab=\catcodetable17
LaTeX Font Info:    Font shape `TU/Roboto(0)/m/n' will be
(Font)              scaled to size 9.0pt on input line 71.
LaTeX Font Info:    Font shape `TU/Roboto(0)/b/n' will be
(Font)              scaled to size 9.0pt on input line 71.
LaTeX Font Info:    Font shape `TU/Roboto(0)/b/n' will be
(Font)              scaled to size 17.28pt on input line 71.
<tuda_logo.png, id=43, 156.585pt x 62.634pt>
File: tuda_logo.png Graphic file (type png)
<use tuda_logo.png>
Package luatex.def Info: tuda_logo.png  used on input line 71.
(luatex.def)             Requested size: 156.49142pt x 62.59605pt.
LaTeX Font Info:    Font shape `TU/Roboto(0)/b/n' will be
(Font)              scaled to size 10.95pt on input line 71.

Underfull \hbox (badness 10000) in paragraph at lines 71--71

 []

(./main.toc
Package cleveref Info: loaded `english' language definitions on input line 1.
)
\tf@toc=\write4

\openout4 = main.toc
LaTeX Font Info:    Font shape `TU/Roboto(0)/m/n' will be
(Font)              scaled to size 8.0pt on input line 72.
 [1




{/nix/store/q8n89mjpx6nkbqvjj73wwly2gk4rnj89-texlive-2025-r78234-final-env/share/texmf-var/fonts/map/pdftex/updmap/pdftex.map}<./tuda_logo.png>]
LaTeX Font Info:    Font shape `TU/Roboto(0)/b/n' will be
(Font)              scaled to size 10.0pt on input line 115.


LaTeX Warning: Citation `text-moderation' on page 2 undefined on input line 143.

<flow.png, id=117, 742.775pt x 586.19pt>
File: flow.png Graphic file (type png)
<use flow.png>
Package luatex.def Info: flow.png  used on input line 157.
(luatex.def)             Requested size: 301.12152pt x 237.64716pt.
[2

] [3<./flow.png>]
LaTeX Font Info:    Font shape `TU/RobotoMono(0)/m/n' will be
(Font)              scaled to size 9.0pt on input line 258.
LaTeX Font Info:    Font shape `TU/RobotoMono(0)/m/n' will be
(Font)              scaled to size 8.0pt on input line 258.

Missing character: There is no ↪ (U+21AA) in font [RobotoMono-Regular.otf]:mode=node;script=DFLT;language=dflt;!
Missing character: There is no ↪ (U+21AA) in font [RobotoMono-Regular.otf]:mode=node;script=DFLT;language=dflt;!
Missing character: There is no ↪ (U+21AA) in font [RobotoMono-Regular.otf]:mode=node;script=DFLT;language=dflt;!
Missing character: There is no ↪ (U+21AA) in font [RobotoMono-Regular.otf]:mode=node;script=DFLT;language=dflt;!
Missing character: There is no ↪ (U+21AA) in font [RobotoMono-Regular.otf]:mode=node;script=DFLT;language=dflt;!
Missing character: There is no ↪ (U+21AA) in font [RobotoMono-Regular.otf]:mode=node;script=DFLT;language=dflt;!
Missing character: There is no ↪ (U+21AA) in font [RobotoMono-Regular.otf]:mode=node;script=DFLT;language=dflt;!
Missing character: There is no ↪ (U+21AA) in font [RobotoMono-Regular.otf]:mode=node;script=DFLT;language=dflt;!
Missing character: There is no ↪ (U+21AA) in font [RobotoMono-Regular.otf]:mode=node;script=DFLT;language=dflt;!
Missing character: There is no ↪ (U+21AA) in font [RobotoMono-Regular.otf]:mode=node;script=DFLT;language=dflt;!
Missing character: There is no ↪ (U+21AA) in font [RobotoMono-Regular.otf]:mode=node;script=DFLT;language=dflt;!
Missing character: There is no ↪ (U+21AA) in font [RobotoMono-Regular.otf]:mode=node;script=DFLT;language=dflt;!
Missing character: There is no ↪ (U+21AA) in font [RobotoMono-Regular.otf]:mode=node;script=DFLT;language=dflt;!
Missing character: There is no ↪ (U+21AA) in font [RobotoMono-Regular.otf]:mode=node;script=DFLT;language=dflt;!
Missing character: There is no ↪ (U+21AA) in font [RobotoMono-Regular.otf]:mode=node;script=DFLT;language=dflt;!
Missing character: There is no ↪ (U+21AA) in font [RobotoMono-Regular.otf]:mode=node;script=DFLT;language=dflt;!
Missing character: There is no ↪ (U+21AA) in font [RobotoMono-Regular.otf]:mode=node;script=DFLT;language=dflt;!
Missing character: There is no ↪ (U+21AA) in font [RobotoMono-Regular.otf]:mode=node;script=DFLT;language=dflt;!
Missing character: There is no ↪ (U+21AA) in font [RobotoMono-Regular.otf]:mode=node;script=DFLT;language=dflt;!
Missing character: There is no ↪ (U+21AA) in font [RobotoMono-Regular.otf]:mode=node;script=DFLT;language=dflt;!
Missing character: There is no ↪ (U+21AA) in font [RobotoMono-Regular.otf]:mode=node;script=DFLT;language=dflt;!
Missing character: There is no ↪ (U+21AA) in font [RobotoMono-Regular.otf]:mode=node;script=DFLT;language=dflt;!
Missing character: There is no ↪ (U+21AA) in font [RobotoMono-Regular.otf]:mode=node;script=DFLT;language=dflt;!
Missing character: There is no ↪ (U+21AA) in font [RobotoMono-Regular.otf]:mode=node;script=DFLT;language=dflt;!
Missing character: There is no ↪ (U+21AA) in font [RobotoMono-Regular.otf]:mode=node;script=DFLT;language=dflt;!
Missing character: There is no ↪ (U+21AA) in font [RobotoMono-Regular.otf]:mode=node;script=DFLT;language=dflt;!
Missing character: There is no ↪ (U+21AA) in font [RobotoMono-Regular.otf]:mode=node;script=DFLT;language=dflt;!
Missing character: There is no ↪ (U+21AA) in font [RobotoMono-Regular.otf]:mode=node;script=DFLT;language=dflt;!
Missing character: There is no ↪ (U+21AA) in font [RobotoMono-Regular.otf]:mode=node;script=DFLT;language=dflt;!
Missing character: There is no ↪ (U+21AA) in font [RobotoMono-Regular.otf]:mode=node;script=DFLT;language=dflt;!
Missing character: There is no ↪ (U+21AA) in font [RobotoMono-Regular.otf]:mode=node;script=DFLT;language=dflt;!
Missing character: There is no ↪ (U+21AA) in font [RobotoMono-Regular.otf]:mode=node;script=DFLT;language=dflt;!
Missing character: There is no ↪ (U+21AA) in font [RobotoMono-Regular.otf]:mode=node;script=DFLT;language=dflt;!
Missing character: There is no ↪ (U+21AA) in font [RobotoMono-Regular.otf]:mode=node;script=DFLT;language=dflt;!
Missing character: There is no ↪ (U+21AA) in font [RobotoMono-Regular.otf]:mode=node;script=DFLT;language=dflt;!
Missing character: There is no ↪ (U+21AA) in font [RobotoMono-Regular.otf]:mode=node;script=DFLT;language=dflt;!
Missing character: There is no ↪ (U+21AA) in font [RobotoMono-Regular.otf]:mode=node;script=DFLT;language=dflt;!
Missing character: There is no ↪ (U+21AA) in font [RobotoMono-Regular.otf]:mode=node;script=DFLT;language=dflt;!
Missing character: There is no ↪ (U+21AA) in font [RobotoMono-Regular.otf]:mode=node;script=DFLT;language=dflt;!
Missing character: There is no ↪ (U+21AA) in font [RobotoMono-Regular.otf]:mode=node;script=DFLT;language=dflt;!
Missing character: There is no ↪ (U+21AA) in font [RobotoMono-Regular.otf]:mode=node;script=DFLT;language=dflt;!
Missing character: There is no ↪ (U+21AA) in font [RobotoMono-Regular.otf]:mode=node;script=DFLT;language=dflt;!
Missing character: There is no ↪ (U+21AA) in font [RobotoMono-Regular.otf]:mode=node;script=DFLT;language=dflt;!
Missing character: There is no ↪ (U+21AA) in font [RobotoMono-Regular.otf]:mode=node;script=DFLT;language=dflt;!
Missing character: There is no ↪ (U+21AA) in font [RobotoMono-Regular.otf]:mode=node;script=DFLT;language=dflt;!
Missing character: There is no ↪ (U+21AA) in font [RobotoMono-Regular.otf]:mode=node;script=DFLT;language=dflt;!
Missing character: There is no ↪ (U+21AA) in font [RobotoMono-Regular.otf]:mode=node;script=DFLT;language=dflt;!
Missing character: There is no ↪ (U+21AA) in font [RobotoMono-Regular.otf]:mode=node;script=DFLT;language=dflt;!
Missing character: There is no ↪ (U+21AA) in font [RobotoMono-Regular.otf]:mode=node;script=DFLT;language=dflt;!
Missing character: There is no ↪ (U+21AA) in font [RobotoMono-Regular.otf]:mode=node;script=DFLT;language=dflt;!
Missing character: There is no ↪ (U+21AA) in font [RobotoMono-Regular.otf]:mode=node;script=DFLT;language=dflt;!
Missing character: There is no ↪ (U+21AA) in font [RobotoMono-Regular.otf]:mode=node;script=DFLT;language=dflt;!
Missing character: There is no ↪ (U+21AA) in font [RobotoMono-Regular.otf]:mode=node;script=DFLT;language=dflt;!
Missing character: There is no ↪ (U+21AA) in font [RobotoMono-Regular.otf]:mode=node;script=DFLT;language=dflt;!
Missing character: There is no ↪ (U+21AA) in font [RobotoMono-Regular.otf]:mode=node;script=DFLT;language=dflt;!
Missing character: There is no ↪ (U+21AA) in font [RobotoMono-Regular.otf]:mode=node;script=DFLT;language=dflt;!
Missing character: There is no ↪ (U+21AA) in font [RobotoMono-Regular.otf]:mode=node;script=DFLT;language=dflt;!
Missing character: There is no ↪ (U+21AA) in font [RobotoMono-Regular.otf]:mode=node;script=DFLT;language=dflt;!
Missing character: There is no ↪ (U+21AA) in font [RobotoMono-Regular.otf]:mode=node;script=DFLT;language=dflt;!
Missing character: There is no ↪ (U+21AA) in font [RobotoMono-Regular.otf]:mode=node;script=DFLT;language=dflt;!
Missing character: There is no ↪ (U+21AA) in font [RobotoMono-Regular.otf]:mode=node;script=DFLT;language=dflt;!
Missing character: There is no ↪ (U+21AA) in font [RobotoMono-Regular.otf]:mode=node;script=DFLT;language=dflt;!
Missing character: There is no ↪ (U+21AA) in font [RobotoMono-Regular.otf]:mode=node;script=DFLT;language=dflt;!
Missing character: There is no ↪ (U+21AA) in font [RobotoMono-Regular.otf]:mode=node;script=DFLT;language=dflt;!
Missing character: There is no ↪ (U+21AA) in font [RobotoMono-Regular.otf]:mode=node;script=DFLT;language=dflt;!
Missing character: There is no ↪ (U+21AA) in font [RobotoMono-Regular.otf]:mode=node;script=DFLT;language=dflt;!
Missing character: There is no ↪ (U+21AA) in font [RobotoMono-Regular.otf]:mode=node;script=DFLT;language=dflt;!
Missing character: There is no ↪ (U+21AA) in font [RobotoMono-Regular.otf]:mode=node;script=DFLT;language=dflt;!
Missing character: There is no ↪ (U+21AA) in font [RobotoMono-Regular.otf]:mode=node;script=DFLT;language=dflt;!
Missing character: There is no ↪ (U+21AA) in font [RobotoMono-Regular.otf]:mode=node;script=DFLT;language=dflt;!
Missing character: There is no ↪ (U+21AA) in font [RobotoMono-Regular.otf]:mode=node;script=DFLT;language=dflt;!
Missing character: There is no ↪ (U+21AA) in font [RobotoMono-Regular.otf]:mode=node;script=DFLT;language=dflt;!
Missing character: There is no ↪ (U+21AA) in font [RobotoMono-Regular.otf]:mode=node;script=DFLT;language=dflt;!
Missing character: There is no ↪ (U+21AA) in font [RobotoMono-Regular.otf]:mode=node;script=DFLT;language=dflt;!
Missing character: There is no ↪ (U+21AA) in font [RobotoMono-Regular.otf]:mode=node;script=DFLT;language=dflt;!
Missing character: There is no ↪ (U+21AA) in font [RobotoMono-Regular.otf]:mode=node;script=DFLT;language=dflt;!
Missing character: There is no ↪ (U+21AA) in font [RobotoMono-Regular.otf]:mode=node;script=DFLT;language=dflt;!
Missing character: There is no ↪ (U+21AA) in font [RobotoMono-Regular.otf]:mode=node;script=DFLT;language=dflt;!
Missing character: There is no ↪ (U+21AA) in font [RobotoMono-Regular.otf]:mode=node;script=DFLT;language=dflt;!
Missing character: There is no ↪ (U+21AA) in font [RobotoMono-Regular.otf]:mode=node;script=DFLT;language=dflt;!
Missing character: There is no ↪ (U+21AA) in font [RobotoMono-Regular.otf]:mode=node;script=DFLT;language=dflt;!
Missing character: There is no ↪ (U+21AA) in font [RobotoMono-Regular.otf]:mode=node;script=DFLT;language=dflt;!
Missing character: There is no ↪ (U+21AA) in font [RobotoMono-Regular.otf]:mode=node;script=DFLT;language=dflt;!
Missing character: There is no ↪ (U+21AA) in font [RobotoMono-Regular.otf]:mode=node;script=DFLT;language=dflt;!
Missing character: There is no ↪ (U+21AA) in font [RobotoMono-Regular.otf]:mode=node;script=DFLT;language=dflt;!
Missing character: There is no ↪ (U+21AA) in font [RobotoMono-Regular.otf]:mode=node;script=DFLT;language=dflt;!
Missing character: There is no ↪ (U+21AA) in font [RobotoMono-Regular.otf]:mode=node;script=DFLT;language=dflt;!
Missing character: There is no ↪ (U+21AA) in font [RobotoMono-Regular.otf]:mode=node;script=DFLT;language=dflt;!
Missing character: There is no ↪ (U+21AA) in font [RobotoMono-Regular.otf]:mode=node;script=DFLT;language=dflt;!
Missing character: There is no ↪ (U+21AA) in font [RobotoMono-Regular.otf]:mode=node;script=DFLT;language=dflt;!
Missing character: There is no ↪ (U+21AA) in font [RobotoMono-Regular.otf]:mode=node;script=DFLT;language=dflt;!
Missing character: There is no ↪ (U+21AA) in font [RobotoMono-Regular.otf]:mode=node;script=DFLT;language=dflt;!
Missing character: There is no ↪ (U+21AA) in font [RobotoMono-Regular.otf]:mode=node;script=DFLT;language=dflt;!
Missing character: There is no ↪ (U+21AA) in font [RobotoMono-Regular.otf]:mode=node;script=DFLT;language=dflt;!
Missing character: There is no ↪ (U+21AA) in font [RobotoMono-Regular.otf]:mode=node;script=DFLT;language=dflt;!
Missing character: There is no ↪ (U+21AA) in font [RobotoMono-Regular.otf]:mode=node;script=DFLT;language=dflt;!
Missing character: There is no ↪ (U+21AA) in font [RobotoMono-Regular.otf]:mode=node;script=DFLT;language=dflt;!
Missing character: There is no ↪ (U+21AA) in font [RobotoMono-Regular.otf]:mode=node;script=DFLT;language=dflt;!
Missing character: There is no ↪ (U+21AA) in font [RobotoMono-Regular.otf]:mode=node;script=DFLT;language=dflt;!
Missing character: There is no ↪ (U+21AA) in font [RobotoMono-Regular.otf]:mode=node;script=DFLT;language=dflt;!
Missing character: There is no ↪ (U+21AA) in font [RobotoMono-Regular.otf]:mode=node;script=DFLT;language=dflt;!
Missing character: There is no ↪ (U+21AA) in font [RobotoMono-Regular.otf]:mode=node;script=DFLT;language=dflt;!
Missing character: There is no ↪ (U+21AA) in font [RobotoMono-Regular.otf]:mode=node;script=DFLT;language=dflt;!
Missing character: There is no ↪ (U+21AA) in font [RobotoMono-Regular.otf]:mode=node;script=DFLT;language=dflt;!
Missing character: There is no ↪ (U+21AA) in font [RobotoMono-Regular.otf]:mode=node;script=DFLT;language=dflt;!
Missing character: There is no ↪ (U+21AA) in font [RobotoMono-Regular.otf]:mode=node;script=DFLT;language=dflt;!
Missing character: There is no ↪ (U+21AA) in font [RobotoMono-Regular.otf]:mode=node;script=DFLT;language=dflt;!
Missing character: There is no ↪ (U+21AA) in font [RobotoMono-Regular.otf]:mode=node;script=DFLT;language=dflt;!
Missing character: There is no ↪ (U+21AA) in font [RobotoMono-Regular.otf]:mode=node;script=DFLT;language=dflt;!
Missing character: There is no ↪ (U+21AA) in font [RobotoMono-Regular.otf]:mode=node;script=DFLT;language=dflt;!
Missing character: There is no ↪ (U+21AA) in font [RobotoMono-Regular.otf]:mode=node;script=DFLT;language=dflt;!
Missing character: There is no ↪ (U+21AA) in font [RobotoMono-Regular.otf]:mode=node;script=DFLT;language=dflt;!
Missing character: There is no ↪ (U+21AA) in font [RobotoMono-Regular.otf]:mode=node;script=DFLT;language=dflt;!
Missing character: There is no ↪ (U+21AA) in font [RobotoMono-Regular.otf]:mode=node;script=DFLT;language=dflt;!
Missing character: There is no ↪ (U+21AA) in font [RobotoMono-Regular.otf]:mode=node;script=DFLT;language=dflt;!
Missing character: There is no ↪ (U+21AA) in font [RobotoMono-Regular.otf]:mode=node;script=DFLT;language=dflt;!
Missing character: There is no ↪ (U+21AA) in font [RobotoMono-Regular.otf]:mode=node;script=DFLT;language=dflt;!
Missing character: There is no ↪ (U+21AA) in font [RobotoMono-Regular.otf]:mode=node;script=DFLT;language=dflt;!
Missing character: There is no ↪ (U+21AA) in font [RobotoMono-Regular.otf]:mode=node;script=DFLT;language=dflt;!
Missing character: There is no ↪ (U+21AA) in font [RobotoMono-Regular.otf]:mode=node;script=DFLT;language=dflt;!
Missing character: There is no ↪ (U+21AA) in font [RobotoMono-Regular.otf]:mode=node;script=DFLT;language=dflt;!
Missing character: There is no ↪ (U+21AA) in font [RobotoMono-Regular.otf]:mode=node;script=DFLT;language=dflt;!
Missing character: There is no ↪ (U+21AA) in font [RobotoMono-Regular.otf]:mode=node;script=DFLT;language=dflt;!
Missing character: There is no ↪ (U+21AA) in font [RobotoMono-Regular.otf]:mode=node;script=DFLT;language=dflt;!
Missing character: There is no ↪ (U+21AA) in font [RobotoMono-Regular.otf]:mode=node;script=DFLT;language=dflt;!
Missing character: There is no ↪ (U+21AA) in font [RobotoMono-Regular.otf]:mode=node;script=DFLT;language=dflt;!
Missing character: There is no ↪ (U+21AA) in font [RobotoMono-Regular.otf]:mode=node;script=DFLT;language=dflt;!
Missing character: There is no ↪ (U+21AA) in font [RobotoMono-Regular.otf]:mode=node;script=DFLT;language=dflt;!
Missing character: There is no ↪ (U+21AA) in font [RobotoMono-Regular.otf]:mode=node;script=DFLT;language=dflt;!
Missing character: There is no ↪ (U+21AA) in font [RobotoMono-Regular.otf]:mode=node;script=DFLT;language=dflt;!
Missing character: There is no ↪ (U+21AA) in font [RobotoMono-Regular.otf]:mode=node;script=DFLT;language=dflt;!
Missing character: There is no ↪ (U+21AA) in font [RobotoMono-Regular.otf]:mode=node;script=DFLT;language=dflt;!
Missing character: There is no ↪ (U+21AA) in font [RobotoMono-Regular.otf]:mode=node;script=DFLT;language=dflt;!
Missing character: There is no ↪ (U+21AA) in font [RobotoMono-Regular.otf]:mode=node;script=DFLT;language=dflt;!
Missing character: There is no ↪ (U+21AA) in font [RobotoMono-Regular.otf]:mode=node;script=DFLT;language=dflt;!
Missing character: There is no ↪ (U+21AA) in font [RobotoMono-Regular.otf]:mode=node;script=DFLT;language=dflt;!
Missing character: There is no ↪ (U+21AA) in font [RobotoMono-Regular.otf]:mode=node;script=DFLT;language=dflt;!
Missing character: There is no ↪ (U+21AA) in font [RobotoMono-Regular.otf]:mode=node;script=DFLT;language=dflt;!
Missing character: There is no ↪ (U+21AA) in font [RobotoMono-Regular.otf]:mode=node;script=DFLT;language=dflt;!
Missing character: There is no ↪ (U+21AA) in font [RobotoMono-Regular.otf]:mode=node;script=DFLT;language=dflt;!
Missing character: There is no ↪ (U+21AA) in font [RobotoMono-Regular.otf]:mode=node;script=DFLT;language=dflt;!
Missing character: There is no ↪ (U+21AA) in font [RobotoMono-Regular.otf]:mode=node;script=DFLT;language=dflt;!
Missing character: There is no ↪ (U+21AA) in font [RobotoMono-Regular.otf]:mode=node;script=DFLT;language=dflt;!
Missing character: There is no ↪ (U+21AA) in font [RobotoMono-Regular.otf]:mode=node;script=DFLT;language=dflt;!
Missing character: There is no ↪ (U+21AA) in font [RobotoMono-Regular.otf]:mode=node;script=DFLT;language=dflt;!
Missing character: There is no ↪ (U+21AA) in font [RobotoMono-Regular.otf]:mode=node;script=DFLT;language=dflt;!
Missing character: There is no ↪ (U+21AA) in font [RobotoMono-Regular.otf]:mode=node;script=DFLT;language=dflt;!
Missing character: There is no ↪ (U+21AA) in font [RobotoMono-Regular.otf]:mode=node;script=DFLT;language=dflt;!
Missing character: There is no ↪ (U+21AA) in font [RobotoMono-Regular.otf]:mode=node;script=DFLT;language=dflt;!
Missing character: There is no ↪ (U+21AA) in font [RobotoMono-Regular.otf]:mode=node;script=DFLT;language=dflt;!
Missing character: There is no ↪ (U+21AA) in font [RobotoMono-Regular.otf]:mode=node;script=DFLT;language=dflt;!
Missing character: There is no ↪ (U+21AA) in font [RobotoMono-Regular.otf]:mode=node;script=DFLT;language=dflt;!
Missing character: There is no ↪ (U+21AA) in font [RobotoMono-Regular.otf]:mode=node;script=DFLT;language=dflt;!
Missing character: There is no ↪ (U+21AA) in font [RobotoMono-Regular.otf]:mode=node;script=DFLT;language=dflt;!
Missing character: There is no ↪ (U+21AA) in font [RobotoMono-Regular.otf]:mode=node;script=DFLT;language=dflt;!
Missing character: There is no ↪ (U+21AA) in font [RobotoMono-Regular.otf]:mode=node;script=DFLT;language=dflt;!
Missing character: There is no ↪ (U+21AA) in font [RobotoMono-Regular.otf]:mode=node;script=DFLT;language=dflt;!
Missing character: There is no ↪ (U+21AA) in font [RobotoMono-Regular.otf]:mode=node;script=DFLT;language=dflt;!
Missing character: There is no ↪ (U+21AA) in font [RobotoMono-Regular.otf]:mode=node;script=DFLT;language=dflt;!
Missing character: There is no ↪ (U+21AA) in font [RobotoMono-Regular.otf]:mode=node;script=DFLT;language=dflt;!
Missing character: There is no ↪ (U+21AA) in font [RobotoMono-Regular.otf]:mode=node;script=DFLT;language=dflt;!
Missing character: There is no ↪ (U+21AA) in font [RobotoMono-Regular.otf]:mode=node;script=DFLT;language=dflt;!
Missing character: There is no ↪ (U+21AA) in font [RobotoMono-Regular.otf]:mode=node;script=DFLT;language=dflt;!
Missing character: There is no ↪ (U+21AA) in font [RobotoMono-Regular.otf]:mode=node;script=DFLT;language=dflt;!
Missing character: There is no ↪ (U+21AA) in font [RobotoMono-Regular.otf]:mode=node;script=DFLT;language=dflt;!
Missing character: There is no ↪ (U+21AA) in font [RobotoMono-Regular.otf]:mode=node;script=DFLT;language=dflt;!
Missing character: There is no ↪ (U+21AA) in font [RobotoMono-Regular.otf]:mode=node;script=DFLT;language=dflt;!
Missing character: There is no ↪ (U+21AA) in font [RobotoMono-Regular.otf]:mode=node;script=DFLT;language=dflt;!
Missing character: There is no ↪ (U+21AA) in font [RobotoMono-Regular.otf]:mode=node;script=DFLT;language=dflt;!
Missing character: There is no ↪ (U+21AA) in font [RobotoMono-Regular.otf]:mode=node;script=DFLT;language=dflt;!
Missing character: There is no ↪ (U+21AA) in font [RobotoMono-Regular.otf]:mode=node;script=DFLT;language=dflt;!
Missing character: There is no ↪ (U+21AA) in font [RobotoMono-Regular.otf]:mode=node;script=DFLT;language=dflt;!
Missing character: There is no ↪ (U+21AA) in font [RobotoMono-Regular.otf]:mode=node;script=DFLT;language=dflt;!
Missing character: There is no ↪ (U+21AA) in font [RobotoMono-Regular.otf]:mode=node;script=DFLT;language=dflt;!
Missing character: There is no ↪ (U+21AA) in font [RobotoMono-Regular.otf]:mode=node;script=DFLT;language=dflt;!
Missing character: There is no ↪ (U+21AA) in font [RobotoMono-Regular.otf]:mode=node;script=DFLT;language=dflt;!
Missing character: There is no ↪ (U+21AA) in font [RobotoMono-Regular.otf]:mode=node;script=DFLT;language=dflt;!
Missing character: There is no ↪ (U+21AA) in font [RobotoMono-Regular.otf]:mode=node;script=DFLT;language=dflt;!
Missing character: There is no ↪ (U+21AA) in font [RobotoMono-Regular.otf]:mode=node;script=DFLT;language=dflt;!
Missing character: There is no ↪ (U+21AA) in font [RobotoMono-Regular.otf]:mode=node;script=DFLT;language=dflt;!
Missing character: There is no ↪ (U+21AA) in font [RobotoMono-Regular.otf]:mode=node;script=DFLT;language=dflt;!
Missing character: There is no ↪ (U+21AA) in font [RobotoMono-Regular.otf]:mode=node;script=DFLT;language=dflt;!
Missing character: There is no ↪ (U+21AA) in font [RobotoMono-Regular.otf]:mode=node;script=DFLT;language=dflt;!
Missing character: There is no ↪ (U+21AA) in font [RobotoMono-Regular.otf]:mode=node;script=DFLT;language=dflt;!
Missing character: There is no ↪ (U+21AA) in font [RobotoMono-Regular.otf]:mode=node;script=DFLT;language=dflt;!
Missing character: There is no ↪ (U+21AA) in font [RobotoMono-Regular.otf]:mode=node;script=DFLT;language=dflt;!
Missing character: There is no ↪ (U+21AA) in font [RobotoMono-Regular.otf]:mode=node;script=DFLT;language=dflt;!
Missing character: There is no ↪ (U+21AA) in font [RobotoMono-Regular.otf]:mode=node;script=DFLT;language=dflt;!
Missing character: There is no ↪ (U+21AA) in font [RobotoMono-Regular.otf]:mode=node;script=DFLT;language=dflt;!
Missing character: There is no ↪ (U+21AA) in font [RobotoMono-Regular.otf]:mode=node;script=DFLT;language=dflt;!
Missing character: There is no ↪ (U+21AA) in font [RobotoMono-Regular.otf]:mode=node;script=DFLT;language=dflt;!
Missing character: There is no ↪ (U+21AA) in font [RobotoMono-Regular.otf]:mode=node;script=DFLT;language=dflt;!
Missing character: There is no ↪ (U+21AA) in font [RobotoMono-Regular.otf]:mode=node;script=DFLT;language=dflt;!
Missing character: There is no ↪ (U+21AA) in font [RobotoMono-Regular.otf]:mode=node;script=DFLT;language=dflt;!
Missing character: There is no ↪ (U+21AA) in font [RobotoMono-Regular.otf]:mode=node;script=DFLT;language=dflt;!
Missing character: There is no ↪ (U+21AA) in font [RobotoMono-Regular.otf]:mode=node;script=DFLT;language=dflt;!
Missing character: There is no ↪ (U+21AA) in font [RobotoMono-Regular.otf]:mode=node;script=DFLT;language=dflt;!
Missing character: There is no ↪ (U+21AA) in font [RobotoMono-Regular.otf]:mode=node;script=DFLT;language=dflt;!
Missing character: There is no ↪ (U+21AA) in font [RobotoMono-Regular.otf]:mode=node;script=DFLT;language=dflt;!
Missing character: There is no ↪ (U+21AA) in font [RobotoMono-Regular.otf]:mode=node;script=DFLT;language=dflt;!
Missing character: There is no ↪ (U+21AA) in font [RobotoMono-Regular.otf]:mode=node;script=DFLT;language=dflt;!
Missing character: There is no ↪ (U+21AA) in font [RobotoMono-Regular.otf]:mode=node;script=DFLT;language=dflt;!
Missing character: There is no ↪ (U+21AA) in font [RobotoMono-Regular.otf]:mode=node;script=DFLT;language=dflt;!
Missing character: There is no ↪ (U+21AA) in font [RobotoMono-Regular.otf]:mode=node;script=DFLT;language=dflt;!
Missing character: There is no ↪ (U+21AA) in font [RobotoMono-Regular.otf]:mode=node;script=DFLT;language=dflt;!
Missing character: There is no ↪ (U+21AA) in font [RobotoMono-Regular.otf]:mode=node;script=DFLT;language=dflt;!
Missing character: There is no ↪ (U+21AA) in font [RobotoMono-Regular.otf]:mode=node;script=DFLT;language=dflt;!
Missing character: There is no ↪ (U+21AA) in font [RobotoMono-Regular.otf]:mode=node;script=DFLT;language=dflt;!
Missing character: There is no ↪ (U+21AA) in font [RobotoMono-Regular.otf]:mode=node;script=DFLT;language=dflt;!
Missing character: There is no ↪ (U+21AA) in font [RobotoMono-Regular.otf]:mode=node;script=DFLT;language=dflt;!
Missing character: There is no ↪ (U+21AA) in font [RobotoMono-Regular.otf]:mode=node;script=DFLT;language=dflt;!
Missing character: There is no ↪ (U+21AA) in font [RobotoMono-Regular.otf]:mode=node;script=DFLT;language=dflt;!
Missing character: There is no ↪ (U+21AA) in font [RobotoMono-Regular.otf]:mode=node;script=DFLT;language=dflt;!
Missing character: There is no ↪ (U+21AA) in font [RobotoMono-Regular.otf]:mode=node;script=DFLT;language=dflt;!
Missing character: There is no ↪ (U+21AA) in font [RobotoMono-Regular.otf]:mode=node;script=DFLT;language=dflt;!
Missing character: There is no ↪ (U+21AA) in font [RobotoMono-Regular.otf]:mode=node;script=DFLT;language=dflt;!
Missing character: There is no ↪ (U+21AA) in font [RobotoMono-Regular.otf]:mode=node;script=DFLT;language=dflt;!
Missing character: There is no ↪ (U+21AA) in font [RobotoMono-Regular.otf]:mode=node;script=DFLT;language=dflt;!
Missing character: There is no ↪ (U+21AA) in font [RobotoMono-Regular.otf]:mode=node;script=DFLT;language=dflt;!
Missing character: There is no ↪ (U+21AA) in font [RobotoMono-Regular.otf]:mode=node;script=DFLT;language=dflt;!
Missing character: There is no ↪ (U+21AA) in font [RobotoMono-Regular.otf]:mode=node;script=DFLT;language=dflt;!
Missing character: There is no ↪ (U+21AA) in font [RobotoMono-Regular.otf]:mode=node;script=DFLT;language=dflt;!
Missing character: There is no ↪ (U+21AA) in font [RobotoMono-Regular.otf]:mode=node;script=DFLT;language=dflt;!
Missing character: There is no ↪ (U+21AA) in font [RobotoMono-Regular.otf]:mode=node;script=DFLT;language=dflt;!
Missing character: There is no ↪ (U+21AA) in font [RobotoMono-Regular.otf]:mode=node;script=DFLT;language=dflt;!
Missing character: There is no ↪ (U+21AA) in font [RobotoMono-Regular.otf]:mode=node;script=DFLT;language=dflt;!
Missing character: There is no ↪ (U+21AA) in font [RobotoMono-Regular.otf]:mode=node;script=DFLT;language=dflt;!
Missing character: There is no ↪ (U+21AA) in font [RobotoMono-Regular.otf]:mode=node;script=DFLT;language=dflt;!
Missing character: There is no ↪ (U+21AA) in font [RobotoMono-Regular.otf]:mode=node;script=DFLT;language=dflt;!
Missing character: There is no ↪ (U+21AA) in font [RobotoMono-Regular.otf]:mode=node;script=DFLT;language=dflt;!
Missing character: There is no ↪ (U+21AA) in font [RobotoMono-Regular.otf]:mode=node;script=DFLT;language=dflt;!
Missing character: There is no ↪ (U+21AA) in font [RobotoMono-Regular.otf]:mode=node;script=DFLT;language=dflt;!
Missing character: There is no ↪ (U+21AA) in font [RobotoMono-Regular.otf]:mode=node;script=DFLT;language=dflt;!
Missing character: There is no ↪ (U+21AA) in font [RobotoMono-Regular.otf]:mode=node;script=DFLT;language=dflt;!
Missing character: There is no ↪ (U+21AA) in font [RobotoMono-Regular.otf]:mode=node;script=DFLT;language=dflt;!
Missing character: There is no ↪ (U+21AA) in font [RobotoMono-Regular.otf]:mode=node;script=DFLT;language=dflt;!
Missing character: There is no ↪ (U+21AA) in font [RobotoMono-Regular.otf]:mode=node;script=DFLT;language=dflt;!
Missing character: There is no ↪ (U+21AA) in font [RobotoMono-Regular.otf]:mode=node;script=DFLT;language=dflt;!
Missing character: There is no ↪ (U+21AA) in font [RobotoMono-Regular.otf]:mode=node;script=DFLT;language=dflt;!
Missing character: There is no ↪ (U+21AA) in font [RobotoMono-Regular.otf]:mode=node;script=DFLT;language=dflt;!
Missing character: There is no ↪ (U+21AA) in font [RobotoMono-Regular.otf]:mode=node;script=DFLT;language=dflt;!
Missing character: There is no ↪ (U+21AA) in font [RobotoMono-Regular.otf]:mode=node;script=DFLT;language=dflt;!
Missing character: There is no ↪ (U+21AA) in font [RobotoMono-Regular.otf]:mode=node;script=DFLT;language=dflt;!
Missing character: There is no ↪ (U+21AA) in font [RobotoMono-Regular.otf]:mode=node;script=DFLT;language=dflt;!
Missing character: There is no ↪ (U+21AA) in font [RobotoMono-Regular.otf]:mode=node;script=DFLT;language=dflt;!
Missing character: There is no ↪ (U+21AA) in font [RobotoMono-Regular.otf]:mode=node;script=DFLT;language=dflt;!
Missing character: There is no ↪ (U+21AA) in font [RobotoMono-Regular.otf]:mode=node;script=DFLT;language=dflt;!
Missing character: There is no ↪ (U+21AA) in font [RobotoMono-Regular.otf]:mode=node;script=DFLT;language=dflt;!
Missing character: There is no ↪ (U+21AA) in font [RobotoMono-Regular.otf]:mode=node;script=DFLT;language=dflt;!
Missing character: There is no ↪ (U+21AA) in font [RobotoMono-Regular.otf]:mode=node;script=DFLT;language=dflt;!
Missing character: There is no ↪ (U+21AA) in font [RobotoMono-Regular.otf]:mode=node;script=DFLT;language=dflt;!
Missing character: There is no ↪ (U+21AA) in font [RobotoMono-Regular.otf]:mode=node;script=DFLT;language=dflt;!
Missing character: There is no ↪ (U+21AA) in font [RobotoMono-Regular.otf]:mode=node;script=DFLT;language=dflt;!
Missing character: There is no ↪ (U+21AA) in font [RobotoMono-Regular.otf]:mode=node;script=DFLT;language=dflt;!
Missing character: There is no ↪ (U+21AA) in font [RobotoMono-Regular.otf]:mode=node;script=DFLT;language=dflt;!
Missing character: There is no ↪ (U+21AA) in font [RobotoMono-Regular.otf]:mode=node;script=DFLT;language=dflt;!
Missing character: There is no ↪ (U+21AA) in font [RobotoMono-Regular.otf]:mode=node;script=DFLT;language=dflt;!
Missing character: There is no ↪ (U+21AA) in font [RobotoMono-Regular.otf]:mode=node;script=DFLT;language=dflt;!
Missing character: There is no ↪ (U+21AA) in font [RobotoMono-Regular.otf]:mode=node;script=DFLT;language=dflt;!
Missing character: There is no ↪ (U+21AA) in font [RobotoMono-Regular.otf]:mode=node;script=DFLT;language=dflt;!
Missing character: There is no ↪ (U+21AA) in font [RobotoMono-Regular.otf]:mode=node;script=DFLT;language=dflt;!
Missing character: There is no ↪ (U+21AA) in font [RobotoMono-Regular.otf]:mode=node;script=DFLT;language=dflt;!
Missing character: There is no ↪ (U+21AA) in font [RobotoMono-Regular.otf]:mode=node;script=DFLT;language=dflt;!
Missing character: There is no ↪ (U+21AA) in font [RobotoMono-Regular.otf]:mode=node;script=DFLT;language=dflt;!
Missing character: There is no ↪ (U+21AA) in font [RobotoMono-Regular.otf]:mode=node;script=DFLT;language=dflt;!
Missing character: There is no ↪ (U+21AA) in font [RobotoMono-Regular.otf]:mode=node;script=DFLT;language=dflt;!
Missing character: There is no ↪ (U+21AA) in font [RobotoMono-Regular.otf]:mode=node;script=DFLT;language=dflt;!
Missing character: There is no ↪ (U+21AA) in font [RobotoMono-Regular.otf]:mode=node;script=DFLT;language=dflt;!
Missing character: There is no ↪ (U+21AA) in font [RobotoMono-Regular.otf]:mode=node;script=DFLT;language=dflt;!
Missing character: There is no ↪ (U+21AA) in font [RobotoMono-Regular.otf]:mode=node;script=DFLT;language=dflt;!
Missing character: There is no ↪ (U+21AA) in font [RobotoMono-Regular.otf]:mode=node;script=DFLT;language=dflt;!
Missing character: There is no ↪ (U+21AA) in font [RobotoMono-Regular.otf]:mode=node;script=DFLT;language=dflt;!
Missing character: There is no ↪ (U+21AA) in font [RobotoMono-Regular.otf]:mode=node;script=DFLT;language=dflt;!
Missing character: There is no ↪ (U+21AA) in font [RobotoMono-Regular.otf]:mode=node;script=DFLT;language=dflt;!
Missing character: There is no ↪ (U+21AA) in font [RobotoMono-Regular.otf]:mode=node;script=DFLT;language=dflt;!
Missing character: There is no ↪ (U+21AA) in font [RobotoMono-Regular.otf]:mode=node;script=DFLT;language=dflt;!
Missing character: There is no ↪ (U+21AA) in font [RobotoMono-Regular.otf]:mode=node;script=DFLT;language=dflt;!
Missing character: There is no ↪ (U+21AA) in font [RobotoMono-Regular.otf]:mode=node;script=DFLT;language=dflt;!
Missing character: There is no ↪ (U+21AA) in font [RobotoMono-Regular.otf]:mode=node;script=DFLT;language=dflt;!
Missing character: There is no ↪ (U+21AA) in font [RobotoMono-Regular.otf]:mode=node;script=DFLT;language=dflt;!
Missing character: There is no ↪ (U+21AA) in font [RobotoMono-Regular.otf]:mode=node;script=DFLT;language=dflt;!
Missing character: There is no ↪ (U+21AA) in font [RobotoMono-Regular.otf]:mode=node;script=DFLT;language=dflt;!
Missing character: There is no ↪ (U+21AA) in font [RobotoMono-Regular.otf]:mode=node;script=DFLT;language=dflt;!
Missing character: There is no ↪ (U+21AA) in font [RobotoMono-Regular.otf]:mode=node;script=DFLT;language=dflt;!
Missing character: There is no ↪ (U+21AA) in font [RobotoMono-Regular.otf]:mode=node;script=DFLT;language=dflt;!
Missing character: There is no ↪ (U+21AA) in font [RobotoMono-Regular.otf]:mode=node;script=DFLT;language=dflt;!
Missing character: There is no ↪ (U+21AA) in font [RobotoMono-Regular.otf]:mode=node;script=DFLT;language=dflt;!
Missing character: There is no ↪ (U+21AA) in font [RobotoMono-Regular.otf]:mode=node;script=DFLT;language=dflt;!
Missing character: There is no ↪ (U+21AA) in font [RobotoMono-Regular.otf]:mode=node;script=DFLT;language=dflt;!
Missing character: There is no ↪ (U+21AA) in font [RobotoMono-Regular.otf]:mode=node;script=DFLT;language=dflt;!
Missing character: There is no ↪ (U+21AA) in font [RobotoMono-Regular.otf]:mode=node;script=DFLT;language=dflt;!
Missing character: There is no ↪ (U+21AA) in font [RobotoMono-Regular.otf]:mode=node;script=DFLT;language=dflt;!
Missing character: There is no ↪ (U+21AA) in font [RobotoMono-Regular.otf]:mode=node;script=DFLT;language=dflt;!
Missing character: There is no ↪ (U+21AA) in font [RobotoMono-Regular.otf]:mode=node;script=DFLT;language=dflt;!
Missing character: There is no ↪ (U+21AA) in font [RobotoMono-Regular.otf]:mode=node;script=DFLT;language=dflt;!
Missing character: There is no ↪ (U+21AA) in font [RobotoMono-Regular.otf]:mode=node;script=DFLT;language=dflt;!
Missing character: There is no ↪ (U+21AA) in font [RobotoMono-Regular.otf]:mode=node;script=DFLT;language=dflt;!
Missing character: There is no ↪ (U+21AA) in font [RobotoMono-Regular.otf]:mode=node;script=DFLT;language=dflt;!
Missing character: There is no ↪ (U+21AA) in font [RobotoMono-Regular.otf]:mode=node;script=DFLT;language=dflt;!
Missing character: There is no ↪ (U+21AA) in font [RobotoMono-Regular.otf]:mode=node;script=DFLT;language=dflt;!
Missing character: There is no ↪ (U+21AA) in font [RobotoMono-Regular.otf]:mode=node;script=DFLT;language=dflt;!
Missing character: There is no ↪ (U+21AA) in font [RobotoMono-Regular.otf]:mode=node;script=DFLT;language=dflt;!
Missing character: There is no ↪ (U+21AA) in font [RobotoMono-Regular.otf]:mode=node;script=DFLT;language=dflt;!
Missing character: There is no ↪ (U+21AA) in font [RobotoMono-Regular.otf]:mode=node;script=DFLT;language=dflt;!
Missing character: There is no ↪ (U+21AA) in font [RobotoMono-Regular.otf]:mode=node;script=DFLT;language=dflt;!
Missing character: There is no ↪ (U+21AA) in font [RobotoMono-Regular.otf]:mode=node;script=DFLT;language=dflt;!
Missing character: There is no ↪ (U+21AA) in font [RobotoMono-Regular.otf]:mode=node;script=DFLT;language=dflt;!
Missing character: There is no ↪ (U+21AA) in font [RobotoMono-Regular.otf]:mode=node;script=DFLT;language=dflt;!
Missing character: There is no ↪ (U+21AA) in font [RobotoMono-Regular.otf]:mode=node;script=DFLT;language=dflt;!
Missing character: There is no ↪ (U+21AA) in font [RobotoMono-Regular.otf]:mode=node;script=DFLT;language=dflt;!
Missing character: There is no ↪ (U+21AA) in font [RobotoMono-Regular.otf]:mode=node;script=DFLT;language=dflt;!
Missing character: There is no ↪ (U+21AA) in font [RobotoMono-Regular.otf]:mode=node;script=DFLT;language=dflt;!
Missing character: There is no ↪ (U+21AA) in font [RobotoMono-Regular.otf]:mode=node;script=DFLT;language=dflt;!
Missing character: There is no ↪ (U+21AA) in font [RobotoMono-Regular.otf]:mode=node;script=DFLT;language=dflt;!
Missing character: There is no ↪ (U+21AA) in font [RobotoMono-Regular.otf]:mode=node;script=DFLT;language=dflt;!
Missing character: There is no ↪ (U+21AA) in font [RobotoMono-Regular.otf]:mode=node;script=DFLT;language=dflt;!
Missing character: There is no ↪ (U+21AA) in font [RobotoMono-Regular.otf]:mode=node;script=DFLT;language=dflt;!
Missing character: There is no ↪ (U+21AA) in font [RobotoMono-Regular.otf]:mode=node;script=DFLT;language=dflt;!
Missing character: There is no ↪ (U+21AA) in font [RobotoMono-Regular.otf]:mode=node;script=DFLT;language=dflt;!
Missing character: There is no ↪ (U+21AA) in font [RobotoMono-Regular.otf]:mode=node;script=DFLT;language=dflt;!
Missing character: There is no ↪ (U+21AA) in font [RobotoMono-Regular.otf]:mode=node;script=DFLT;language=dflt;!
Missing character: There is no ↪ (U+21AA) in font [RobotoMono-Regular.otf]:mode=node;script=DFLT;language=dflt;!
Missing character: There is no ↪ (U+21AA) in font [RobotoMono-Regular.otf]:mode=node;script=DFLT;language=dflt;!
Missing character: There is no ↪ (U+21AA) in font [RobotoMono-Regular.otf]:mode=node;script=DFLT;language=dflt;!
Missing character: There is no ↪ (U+21AA) in font [RobotoMono-Regular.otf]:mode=node;script=DFLT;language=dflt;!
Missing character: There is no ↪ (U+21AA) in font [RobotoMono-Regular.otf]:mode=node;script=DFLT;language=dflt;!
Missing character: There is no ↪ (U+21AA) in font [RobotoMono-Regular.otf]:mode=node;script=DFLT;language=dflt;!
Missing character: There is no ↪ (U+21AA) in font [RobotoMono-Regular.otf]:mode=node;script=DFLT;language=dflt;!
Missing character: There is no ↪ (U+21AA) in font [RobotoMono-Regular.otf]:mode=node;script=DFLT;language=dflt;!
Missing character: There is no ↪ (U+21AA) in font [RobotoMono-Regular.otf]:mode=node;script=DFLT;language=dflt;!
Missing character: There is no ↪ (U+21AA) in font [RobotoMono-Regular.otf]:mode=node;script=DFLT;language=dflt;!
Missing character: There is no ↪ (U+21AA) in font [RobotoMono-Regular.otf]:mode=node;script=DFLT;language=dflt;!
Missing character: There is no ↪ (U+21AA) in font [RobotoMono-Regular.otf]:mode=node;script=DFLT;language=dflt;!
Missing character: There is no ↪ (U+21AA) in font [RobotoMono-Regular.otf]:mode=node;script=DFLT;language=dflt;!
Missing character: There is no ↪ (U+21AA) in font [RobotoMono-Regular.otf]:mode=node;script=DFLT;language=dflt;!
Missing character: There is no ↪ (U+21AA) in font [RobotoMono-Regular.otf]:mode=node;script=DFLT;language=dflt;!
Missing character: There is no ↪ (U+21AA) in font [RobotoMono-Regular.otf]:mode=node;script=DFLT;language=dflt;!
Missing character: There is no ↪ (U+21AA) in font [RobotoMono-Regular.otf]:mode=node;script=DFLT;language=dflt;!
Missing character: There is no ↪ (U+21AA) in font [RobotoMono-Regular.otf]:mode=node;script=DFLT;language=dflt;!
Missing character: There is no ↪ (U+21AA) in font [RobotoMono-Regular.otf]:mode=node;script=DFLT;language=dflt;!
Missing character: There is no ↪ (U+21AA) in font [RobotoMono-Regular.otf]:mode=node;script=DFLT;language=dflt;!
Missing character: There is no ↪ (U+21AA) in font [RobotoMono-Regular.otf]:mode=node;script=DFLT;language=dflt;!
Missing character: There is no ↪ (U+21AA) in font [RobotoMono-Regular.otf]:mode=node;script=DFLT;language=dflt;!
Missing character: There is no ↪ (U+21AA) in font [RobotoMono-Regular.otf]:mode=node;script=DFLT;language=dflt;!
Missing character: There is no ↪ (U+21AA) in font [RobotoMono-Regular.otf]:mode=node;script=DFLT;language=dflt;!
Missing character: There is no ↪ (U+21AA) in font [RobotoMono-Regular.otf]:mode=node;script=DFLT;language=dflt;!
Missing character: There is no ↪ (U+21AA) in font [RobotoMono-Regular.otf]:mode=node;script=DFLT;language=dflt;!
Missing character: There is no ↪ (U+21AA) in font [RobotoMono-Regular.otf]:mode=node;script=DFLT;language=dflt;!
Missing character: There is no ↪ (U+21AA) in font [RobotoMono-Regular.otf]:mode=node;script=DFLT;language=dflt;!
Missing character: There is no ↪ (U+21AA) in font [RobotoMono-Regular.otf]:mode=node;script=DFLT;language=dflt;!
Missing character: There is no ↪ (U+21AA) in font [RobotoMono-Regular.otf]:mode=node;script=DFLT;language=dflt;!
Missing character: There is no ↪ (U+21AA) in font [RobotoMono-Regular.otf]:mode=node;script=DFLT;language=dflt;!
Missing character: There is no ↪ (U+21AA) in font [RobotoMono-Regular.otf]:mode=node;script=DFLT;language=dflt;!
Missing character: There is no ↪ (U+21AA) in font [RobotoMono-Regular.otf]:mode=node;script=DFLT;language=dflt;!
Missing character: There is no ↪ (U+21AA) in font [RobotoMono-Regular.otf]:mode=node;script=DFLT;language=dflt;!
Missing character: There is no ↪ (U+21AA) in font [RobotoMono-Regular.otf]:mode=node;script=DFLT;language=dflt;!
Missing character: There is no ↪ (U+21AA) in font [RobotoMono-Regular.otf]:mode=node;script=DFLT;language=dflt;!
Missing character: There is no ↪ (U+21AA) in font [RobotoMono-Regular.otf]:mode=node;script=DFLT;language=dflt;!
Missing character: There is no ↪ (U+21AA) in font [RobotoMono-Regular.otf]:mode=node;script=DFLT;language=dflt;!
Missing character: There is no ↪ (U+21AA) in font [RobotoMono-Regular.otf]:mode=node;script=DFLT;language=dflt;!
Missing character: There is no ↪ (U+21AA) in font [RobotoMono-Regular.otf]:mode=node;script=DFLT;language=dflt;!
Missing character: There is no ↪ (U+21AA) in font [RobotoMono-Regular.otf]:mode=node;script=DFLT;language=dflt;!
Missing character: There is no ↪ (U+21AA) in font [RobotoMono-Regular.otf]:mode=node;script=DFLT;language=dflt;!
Missing character: There is no ↪ (U+21AA) in font [RobotoMono-Regular.otf]:mode=node;script=DFLT;language=dflt;!
Missing character: There is no ↪ (U+21AA) in font [RobotoMono-Regular.otf]:mode=node;script=DFLT;language=dflt;!
Missing character: There is no ↪ (U+21AA) in font [RobotoMono-Regular.otf]:mode=node;script=DFLT;language=dflt;!
Missing character: There is no ↪ (U+21AA) in font [RobotoMono-Regular.otf]:mode=node;script=DFLT;language=dflt;!
Missing character: There is no ↪ (U+21AA) in font [RobotoMono-Regular.otf]:mode=node;script=DFLT;language=dflt;!
Missing character: There is no ↪ (U+21AA) in font [RobotoMono-Regular.otf]:mode=node;script=DFLT;language=dflt;!
Missing character: There is no ↪ (U+21AA) in font [RobotoMono-Regular.otf]:mode=node;script=DFLT;language=dflt;!
Missing character: There is no ↪ (U+21AA) in font [RobotoMono-Regular.otf]:mode=node;script=DFLT;language=dflt;!
Missing character: There is no ↪ (U+21AA) in font [RobotoMono-Regular.otf]:mode=node;script=DFLT;language=dflt;!
Missing character: There is no ↪ (U+21AA) in font [RobotoMono-Regular.otf]:mode=node;script=DFLT;language=dflt;!
Missing character: There is no ↪ (U+21AA) in font [RobotoMono-Regular.otf]:mode=node;script=DFLT;language=dflt;!
Missing character: There is no ↪ (U+21AA) in font [RobotoMono-Regular.otf]:mode=node;script=DFLT;language=dflt;!
Missing character: There is no ↪ (U+21AA) in font [RobotoMono-Regular.otf]:mode=node;script=DFLT;language=dflt;!
Missing character: There is no ↪ (U+21AA) in font [RobotoMono-Regular.otf]:mode=node;script=DFLT;language=dflt;!
Missing character: There is no ↪ (U+21AA) in font [RobotoMono-Regular.otf]:mode=node;script=DFLT;language=dflt;!
Missing character: There is no ↪ (U+21AA) in font [RobotoMono-Regular.otf]:mode=node;script=DFLT;language=dflt;!
Missing character: There is no ↪ (U+21AA) in font [RobotoMono-Regular.otf]:mode=node;script=DFLT;language=dflt;!
Missing character: There is no ↪ (U+21AA) in font [RobotoMono-Regular.otf]:mode=node;script=DFLT;language=dflt;!
Missing character: There is no ↪ (U+21AA) in font [RobotoMono-Regular.otf]:mode=node;script=DFLT;language=dflt;!
Missing character: There is no ↪ (U+21AA) in font [RobotoMono-Regular.otf]:mode=node;script=DFLT;language=dflt;!
Missing character: There is no ↪ (U+21AA) in font [RobotoMono-Regular.otf]:mode=node;script=DFLT;language=dflt;!
Missing character: There is no ↪ (U+21AA) in font [RobotoMono-Regular.otf]:mode=node;script=DFLT;language=dflt;!
Missing character: There is no ↪ (U+21AA) in font [RobotoMono-Regular.otf]:mode=node;script=DFLT;language=dflt;!
Missing character: There is no ↪ (U+21AA) in font [RobotoMono-Regular.otf]:mode=node;script=DFLT;language=dflt;!
Missing character: There is no ↪ (U+21AA) in font [RobotoMono-Regular.otf]:mode=node;script=DFLT;language=dflt;!
Missing character: There is no ↪ (U+21AA) in font [RobotoMono-Regular.otf]:mode=node;script=DFLT;language=dflt;!
Missing character: There is no ↪ (U+21AA) in font [RobotoMono-Regular.otf]:mode=node;script=DFLT;language=dflt;!
Missing character: There is no ↪ (U+21AA) in font [RobotoMono-Regular.otf]:mode=node;script=DFLT;language=dflt;!
Missing character: There is no ↪ (U+21AA) in font [RobotoMono-Regular.otf]:mode=node;script=DFLT;language=dflt;!
Missing character: There is no ↪ (U+21AA) in font [RobotoMono-Regular.otf]:mode=node;script=DFLT;language=dflt;!
Missing character: There is no ↪ (U+21AA) in font [RobotoMono-Regular.otf]:mode=node;script=DFLT;language=dflt;!
Missing character: There is no ↪ (U+21AA) in font [RobotoMono-Regular.otf]:mode=node;script=DFLT;language=dflt;!
Missing character: There is no ↪ (U+21AA) in font [RobotoMono-Regular.otf]:mode=node;script=DFLT;language=dflt;!
Missing character: There is no ↪ (U+21AA) in font [RobotoMono-Regular.otf]:mode=node;script=DFLT;language=dflt;!
Missing character: There is no ↪ (U+21AA) in font [RobotoMono-Regular.otf]:mode=node;script=DFLT;language=dflt;!
Missing character: There is no ↪ (U+21AA) in font [RobotoMono-Regular.otf]:mode=node;script=DFLT;language=dflt;!
Missing character: There is no ↪ (U+21AA) in font [RobotoMono-Regular.otf]:mode=node;script=DFLT;language=dflt;!
Missing character: There is no ↪ (U+21AA) in font [RobotoMono-Regular.otf]:mode=node;script=DFLT;language=dflt;!
Missing character: There is no ↪ (U+21AA) in font [RobotoMono-Regular.otf]:mode=node;script=DFLT;language=dflt;!
Missing character: There is no ↪ (U+21AA) in font [RobotoMono-Regular.otf]:mode=node;script=DFLT;language=dflt;!
Missing character: There is no ↪ (U+21AA) in font [RobotoMono-Regular.otf]:mode=node;script=DFLT;language=dflt;!
[4
Missing character: There is no ↪ (U+21AA) in font [RobotoMono-Regular.otf]:mode=node;script=DFLT;language=dflt;!
Missing character: There is no ↪ (U+21AA) in font [RobotoMono-Regular.otf]:mode=node;script=DFLT;language=dflt;!
Missing character: There is no ↪ (U+21AA) in font [RobotoMono-Regular.otf]:mode=node;script=DFLT;language=dflt;!
Missing character: There is no ↪ (U+21AA) in font [RobotoMono-Regular.otf]:mode=node;script=DFLT;language=dflt;!
Missing character: There is no ↪ (U+21AA) in font [RobotoMono-Regular.otf]:mode=node;script=DFLT;language=dflt;!
Missing character: There is no ↪ (U+21AA) in font [RobotoMono-Regular.otf]:mode=node;script=DFLT;language=dflt;!
Missing character: There is no ↪ (U+21AA) in font [RobotoMono-Regular.otf]:mode=node;script=DFLT;language=dflt;!
Missing character: There is no ↪ (U+21AA) in font [RobotoMono-Regular.otf]:mode=node;script=DFLT;language=dflt;!
Missing character: There is no ↪ (U+21AA) in font [RobotoMono-Regular.otf]:mode=node;script=DFLT;language=dflt;!
Missing character: There is no ↪ (U+21AA) in font [RobotoMono-Regular.otf]:mode=node;script=DFLT;language=dflt;!
Missing character: There is no ↪ (U+21AA) in font [RobotoMono-Regular.otf]:mode=node;script=DFLT;language=dflt;!
Missing character: There is no ↪ (U+21AA) in font [RobotoMono-Regular.otf]:mode=node;script=DFLT;language=dflt;!
]
Missing character: There is no ↪ (U+21AA) in font [RobotoMono-Regular.otf]:mode=node;script=DFLT;language=dflt;!
Missing character: There is no ↪ (U+21AA) in font [RobotoMono-Regular.otf]:mode=node;script=DFLT;language=dflt;!
Missing character: There is no ↪ (U+21AA) in font [RobotoMono-Regular.otf]:mode=node;script=DFLT;language=dflt;!
Missing character: There is no ↪ (U+21AA) in font [RobotoMono-Regular.otf]:mode=node;script=DFLT;language=dflt;!
Missing character: There is no ↪ (U+21AA) in font [RobotoMono-Regular.otf]:mode=node;script=DFLT;language=dflt;!
Missing character: There is no ↪ (U+21AA) in font [RobotoMono-Regular.otf]:mode=node;script=DFLT;language=dflt;!
Missing character: There is no ↪ (U+21AA) in font [RobotoMono-Regular.otf]:mode=node;script=DFLT;language=dflt;!
Missing character: There is no ↪ (U+21AA) in font [RobotoMono-Regular.otf]:mode=node;script=DFLT;language=dflt;!
Missing character: There is no ↪ (U+21AA) in font [RobotoMono-Regular.otf]:mode=node;script=DFLT;language=dflt;!
Missing character: There is no ↪ (U+21AA) in font [RobotoMono-Regular.otf]:mode=node;script=DFLT;language=dflt;!
Missing character: There is no ↪ (U+21AA) in font [RobotoMono-Regular.otf]:mode=node;script=DFLT;language=dflt;!
Missing character: There is no ↪ (U+21AA) in font [RobotoMono-Regular.otf]:mode=node;script=DFLT;language=dflt;!
Missing character: There is no ↪ (U+21AA) in font [RobotoMono-Regular.otf]:mode=node;script=DFLT;language=dflt;!
Missing character: There is no ↪ (U+21AA) in font [RobotoMono-Regular.otf]:mode=node;script=DFLT;language=dflt;!
Missing character: There is no ↪ (U+21AA) in font [RobotoMono-Regular.otf]:mode=node;script=DFLT;language=dflt;!
Missing character: There is no ↪ (U+21AA) in font [RobotoMono-Regular.otf]:mode=node;script=DFLT;language=dflt;!
Missing character: There is no ↪ (U+21AA) in font [RobotoMono-Regular.otf]:mode=node;script=DFLT;language=dflt;!
Missing character: There is no ↪ (U+21AA) in font [RobotoMono-Regular.otf]:mode=node;script=DFLT;language=dflt;!
Missing character: There is no ↪ (U+21AA) in font [RobotoMono-Regular.otf]:mode=node;script=DFLT;language=dflt;!
Missing character: There is no ↪ (U+21AA) in font [RobotoMono-Regular.otf]:mode=node;script=DFLT;language=dflt;!
Missing character: There is no ↪ (U+21AA) in font [RobotoMono-Regular.otf]:mode=node;script=DFLT;language=dflt;!
Missing character: There is no ↪ (U+21AA) in font [RobotoMono-Regular.otf]:mode=node;script=DFLT;language=dflt;!
Missing character: There is no ↪ (U+21AA) in font [RobotoMono-Regular.otf]:mode=node;script=DFLT;language=dflt;!
Missing character: There is no ↪ (U+21AA) in font [RobotoMono-Regular.otf]:mode=node;script=DFLT;language=dflt;!
Missing character: There is no ↪ (U+21AA) in font [RobotoMono-Regular.otf]:mode=node;script=DFLT;language=dflt;!
Missing character: There is no ↪ (U+21AA) in font [RobotoMono-Regular.otf]:mode=node;script=DFLT;language=dflt;!
Missing character: There is no ↪ (U+21AA) in font [RobotoMono-Regular.otf]:mode=node;script=DFLT;language=dflt;!
Missing character: There is no ↪ (U+21AA) in font [RobotoMono-Regular.otf]:mode=node;script=DFLT;language=dflt;!
Missing character: There is no ↪ (U+21AA) in font [RobotoMono-Regular.otf]:mode=node;script=DFLT;language=dflt;!
Missing character: There is no ↪ (U+21AA) in font [RobotoMono-Regular.otf]:mode=node;script=DFLT;language=dflt;!
Missing character: There is no ↪ (U+21AA) in font [RobotoMono-Regular.otf]:mode=node;script=DFLT;language=dflt;!
Missing character: There is no ↪ (U+21AA) in font [RobotoMono-Regular.otf]:mode=node;script=DFLT;language=dflt;!
Missing character: There is no ↪ (U+21AA) in font [RobotoMono-Regular.otf]:mode=node;script=DFLT;language=dflt;!
Missing character: There is no ↪ (U+21AA) in font [RobotoMono-Regular.otf]:mode=node;script=DFLT;language=dflt;!
Missing character: There is no ↪ (U+21AA) in font [RobotoMono-Regular.otf]:mode=node;script=DFLT;language=dflt;!
Missing character: There is no ↪ (U+21AA) in font [RobotoMono-Regular.otf]:mode=node;script=DFLT;language=dflt;!
Missing character: There is no ↪ (U+21AA) in font [RobotoMono-Regular.otf]:mode=node;script=DFLT;language=dflt;!
Missing character: There is no ↪ (U+21AA) in font [RobotoMono-Regular.otf]:mode=node;script=DFLT;language=dflt;!
Missing character: There is no ↪ (U+21AA) in font [RobotoMono-Regular.otf]:mode=node;script=DFLT;language=dflt;!
Missing character: There is no ↪ (U+21AA) in font [RobotoMono-Regular.otf]:mode=node;script=DFLT;language=dflt;!
Missing character: There is no ↪ (U+21AA) in font [RobotoMono-Regular.otf]:mode=node;script=DFLT;language=dflt;!
Missing character: There is no ↪ (U+21AA) in font [RobotoMono-Regular.otf]:mode=node;script=DFLT;language=dflt;!
Missing character: There is no ↪ (U+21AA) in font [RobotoMono-Regular.otf]:mode=node;script=DFLT;language=dflt;!
Missing character: There is no ↪ (U+21AA) in font [RobotoMono-Regular.otf]:mode=node;script=DFLT;language=dflt;!
Missing character: There is no ↪ (U+21AA) in font [RobotoMono-Regular.otf]:mode=node;script=DFLT;language=dflt;!
Missing character: There is no ↪ (U+21AA) in font [RobotoMono-Regular.otf]:mode=node;script=DFLT;language=dflt;!
Missing character: There is no ↪ (U+21AA) in font [RobotoMono-Regular.otf]:mode=node;script=DFLT;language=dflt;!
Missing character: There is no ↪ (U+21AA) in font [RobotoMono-Regular.otf]:mode=node;script=DFLT;language=dflt;!
Missing character: There is no ↪ (U+21AA) in font [RobotoMono-Regular.otf]:mode=node;script=DFLT;language=dflt;!
Missing character: There is no ↪ (U+21AA) in font [RobotoMono-Regular.otf]:mode=node;script=DFLT;language=dflt;!
Missing character: There is no ↪ (U+21AA) in font [RobotoMono-Regular.otf]:mode=node;script=DFLT;language=dflt;!
Missing character: There is no ↪ (U+21AA) in font [RobotoMono-Regular.otf]:mode=node;script=DFLT;language=dflt;!
Missing character: There is no ↪ (U+21AA) in font [RobotoMono-Regular.otf]:mode=node;script=DFLT;language=dflt;!
Missing character: There is no ↪ (U+21AA) in font [RobotoMono-Regular.otf]:mode=node;script=DFLT;language=dflt;!
Missing character: There is no ↪ (U+21AA) in font [RobotoMono-Regular.otf]:mode=node;script=DFLT;language=dflt;!
Missing character: There is no ↪ (U+21AA) in font [RobotoMono-Regular.otf]:mode=node;script=DFLT;language=dflt;!
Missing character: There is no ↪ (U+21AA) in font [RobotoMono-Regular.otf]:mode=node;script=DFLT;language=dflt;!
Missing character: There is no ↪ (U+21AA) in font [RobotoMono-Regular.otf]:mode=node;script=DFLT;language=dflt;!
Missing character: There is no ↪ (U+21AA) in font [RobotoMono-Regular.otf]:mode=node;script=DFLT;language=dflt;!
Missing character: There is no ↪ (U+21AA) in font [RobotoMono-Regular.otf]:mode=node;script=DFLT;language=dflt;!
Missing character: There is no ↪ (U+21AA) in font [RobotoMono-Regular.otf]:mode=node;script=DFLT;language=dflt;!
Missing character: There is no ↪ (U+21AA) in font [RobotoMono-Regular.otf]:mode=node;script=DFLT;language=dflt;!
Missing character: There is no ↪ (U+21AA) in font [RobotoMono-Regular.otf]:mode=node;script=DFLT;language=dflt;!
Missing character: There is no ↪ (U+21AA) in font [RobotoMono-Regular.otf]:mode=node;script=DFLT;language=dflt;!
Missing character: There is no ↪ (U+21AA) in font [RobotoMono-Regular.otf]:mode=node;script=DFLT;language=dflt;!
Missing character: There is no ↪ (U+21AA) in font [RobotoMono-Regular.otf]:mode=node;script=DFLT;language=dflt;!
Missing character: There is no ↪ (U+21AA) in font [RobotoMono-Regular.otf]:mode=node;script=DFLT;language=dflt;!
Missing character: There is no ↪ (U+21AA) in font [RobotoMono-Regular.otf]:mode=node;script=DFLT;language=dflt;!
Missing character: There is no ↪ (U+21AA) in font [RobotoMono-Regular.otf]:mode=node;script=DFLT;language=dflt;!
Missing character: There is no ↪ (U+21AA) in font [RobotoMono-Regular.otf]:mode=node;script=DFLT;language=dflt;!
Missing character: There is no ↪ (U+21AA) in font [RobotoMono-Regular.otf]:mode=node;script=DFLT;language=dflt;!
Missing character: There is no ↪ (U+21AA) in font [RobotoMono-Regular.otf]:mode=node;script=DFLT;language=dflt;!
Missing character: There is no ↪ (U+21AA) in font [RobotoMono-Regular.otf]:mode=node;script=DFLT;language=dflt;!
Missing character: There is no ↪ (U+21AA) in font [RobotoMono-Regular.otf]:mode=node;script=DFLT;language=dflt;!
Missing character: There is no ↪ (U+21AA) in font [RobotoMono-Regular.otf]:mode=node;script=DFLT;language=dflt;!
Missing character: There is no ↪ (U+21AA) in font [RobotoMono-Regular.otf]:mode=node;script=DFLT;language=dflt;!
Missing character: There is no ↪ (U+21AA) in font [RobotoMono-Regular.otf]:mode=node;script=DFLT;language=dflt;!
Missing character: There is no ↪ (U+21AA) in font [RobotoMono-Regular.otf]:mode=node;script=DFLT;language=dflt;!
Missing character: There is no ↪ (U+21AA) in font [RobotoMono-Regular.otf]:mode=node;script=DFLT;language=dflt;!
Missing character: There is no ↪ (U+21AA) in font [RobotoMono-Regular.otf]:mode=node;script=DFLT;language=dflt;!
Missing character: There is no ↪ (U+21AA) in font [RobotoMono-Regular.otf]:mode=node;script=DFLT;language=dflt;!
Missing character: There is no ↪ (U+21AA) in font [RobotoMono-Regular.otf]:mode=node;script=DFLT;language=dflt;!
[5] (../results/analysis/short/metrics_table.tex)
<../results/analysis/short/w_vs_rho.png, id=209, 1156.32pt x 361.35pt>
File: ../results/analysis/short/w_vs_rho.png Graphic file (type png)
<use ../results/analysis/short/w_vs_rho.png>
Package luatex.def Info: ../results/analysis/short/w_vs_rho.png  used on input line 377.
(luatex.def)             Requested size: 512.14963pt x 160.0421pt.
<../results/analysis/short/throughput.png, id=210, 1156.32pt x 361.35pt>
File: ../results/analysis/short/throughput.png Graphic file (type png)
<use ../results/analysis/short/throughput.png>
Package luatex.def Info: ../results/analysis/short/throughput.png  used on input line 383.
(luatex.def)             Requested size: 512.14963pt x 160.0421pt.
<../results/analysis/short/accuracy_vs_latency.png, id=211, 722.7pt x 433.62pt>
File: ../results/analysis/short/accuracy_vs_latency.png Graphic file (type png)
<use ../results/analysis/short/accuracy_vs_latency.png>
Package luatex.def Info: ../results/analysis/short/accuracy_vs_latency.png  used on input line 389.
(luatex.def)             Requested size: 512.14963pt x 307.2901pt.
<../results/analysis/short/service_dist.png, id=212, 1156.32pt x 361.35pt>
File: ../results/analysis/short/service_dist.png Graphic file (type png)
<use ../results/analysis/short/service_dist.png>
Package luatex.def Info: ../results/analysis/short/service_dist.png  used on input line 396.
(luatex.def)             Requested size: 512.14963pt x 160.0421pt.
<../results/analysis/short/interarrival_qq.png, id=213, 1156.32pt x 361.35pt>
File: ../results/analysis/short/interarrival_qq.png Graphic file (type png)
<use ../results/analysis/short/interarrival_qq.png>
Package luatex.def Info: ../results/analysis/short/interarrival_qq.png  used on input line 403.
(luatex.def)             Requested size: 512.14963pt x 160.0421pt.
 [6<../results/analysis/short/w_vs_rho.png>] [7<../results/analysis/short/throughput.png><../results/analysis/short/accuracy_vs_latency.png>] [8<../results/analysis/short/service_dist.png><../results/analysis/short/interarrival_qq.png>] (../results/analysis/medium/metrics_table.tex)
<../results/analysis/medium/w_vs_rho.png, id=240, 1156.32pt x 361.35pt>
File: ../results/analysis/medium/w_vs_rho.png Graphic file (type png)
<use ../results/analysis/medium/w_vs_rho.png>
Package luatex.def Info: ../results/analysis/medium/w_vs_rho.png  used on input line 439.
(luatex.def)             Requested size: 512.14963pt x 160.0421pt.
<../results/analysis/medium/throughput.png, id=241, 1156.32pt x 361.35pt>
File: ../results/analysis/medium/throughput.png Graphic file (type png)
<use ../results/analysis/medium/throughput.png>
Package luatex.def Info: ../results/analysis/medium/throughput.png  used on input line 445.
(luatex.def)             Requested size: 512.14963pt x 160.0421pt.
<../results/analysis/medium/accuracy_vs_latency.png, id=242, 722.7pt x 433.62pt>
File: ../results/analysis/medium/accuracy_vs_latency.png Graphic file (type png)
<use ../results/analysis/medium/accuracy_vs_latency.png>
Package luatex.def Info: ../results/analysis/medium/accuracy_vs_latency.png  used on input line 451.
(luatex.def)             Requested size: 512.14963pt x 307.2901pt.
<../results/analysis/medium/service_dist.png, id=243, 1156.32pt x 361.35pt>
File: ../results/analysis/medium/service_dist.png Graphic file (type png)
<use ../results/analysis/medium/service_dist.png>
Package luatex.def Info: ../results/analysis/medium/service_dist.png  used on input line 457.
(luatex.def)             Requested size: 512.14963pt x 160.0421pt.
<../results/analysis/medium/interarrival_qq.png, id=244, 1156.32pt x 361.35pt>
File: ../results/analysis/medium/interarrival_qq.png Graphic file (type png)
<use ../results/analysis/medium/interarrival_qq.png>
Package luatex.def Info: ../results/analysis/medium/interarrival_qq.png  used on input line 464.
(luatex.def)             Requested size: 512.14963pt x 160.0421pt.
 (../results/analysis/long/metrics_table.tex)
<../results/analysis/long/w_vs_rho.png, id=245, 1156.32pt x 361.35pt>
File: ../results/analysis/long/w_vs_rho.png Graphic file (type png)
<use ../results/analysis/long/w_vs_rho.png>
Package luatex.def Info: ../results/analysis/long/w_vs_rho.png  used on input line 492.
(luatex.def)             Requested size: 512.14963pt x 160.0421pt.
 [9] [10<../results/analysis/medium/w_vs_rho.png><../results/analysis/medium/throughput.png>] [11<../results/analysis/medium/accuracy_vs_latency.png><../results/analysis/medium/service_dist.png>]
<../results/analysis/long/throughput.png, id=268, 1156.32pt x 361.35pt>
File: ../results/analysis/long/throughput.png Graphic file (type png)
<use ../results/analysis/long/throughput.png>
Package luatex.def Info: ../results/analysis/long/throughput.png  used on input line 499.
(luatex.def)             Requested size: 512.14963pt x 160.0421pt.
<../results/analysis/long/accuracy_vs_latency.png, id=269, 722.7pt x 433.62pt>
File: ../results/analysis/long/accuracy_vs_latency.png Graphic file (type png)
<use ../results/analysis/long/accuracy_vs_latency.png>
Package luatex.def Info: ../results/analysis/long/accuracy_vs_latency.png  used on input line 505.
(luatex.def)             Requested size: 512.14963pt x 307.2901pt.
<../results/analysis/long/service_dist.png, id=270, 1156.32pt x 361.35pt>
File: ../results/analysis/long/service_dist.png Graphic file (type png)
<use ../results/analysis/long/service_dist.png>
Package luatex.def Info: ../results/analysis/long/service_dist.png  used on input line 512.
(luatex.def)             Requested size: 512.14963pt x 160.0421pt.
<../results/analysis/long/interarrival_qq.png, id=271, 1156.32pt x 361.35pt>
File: ../results/analysis/long/interarrival_qq.png Graphic file (type png)
<use ../results/analysis/long/interarrival_qq.png>
Package luatex.def Info: ../results/analysis/long/interarrival_qq.png  used on input line 519.
(luatex.def)             Requested size: 512.14963pt x 160.0421pt.
 [12<../results/analysis/medium/interarrival_qq.png>] [13<../results/analysis/long/w_vs_rho.png><../results/analysis/long/throughput.png>] [14<../results/analysis/long/accuracy_vs_latency.png><../results/analysis/long/service_dist.png>] [15<../results/analysis/long/interarrival_qq.png>] (./main.bbl
Underfull \hbox (badness 8094) in paragraph at lines 16--20
[]\TU/XCharter(0)/m/n/9 LD-NOOBW.  List of dirty naughty ob-scene and oth-er-wise bad words.  []$\TU/RobotoMono(0)/m/n/9 https://github.com/LDNOOBW/
 []

) [16] (./main.aux
Package cleveref Info: loaded `english' language definitions on input line 9.
)
 ***********
LaTeX2e <2025-11-01>
L3 programming layer <2026-01-19>
 ***********


LaTeX Warning: There were undefined references.

)

Here is how much of LuaTeX's memory you used:
 41900 strings out of 476078
 381544,1648299 words of node,token memory allocated
 2610 words of node memory still in use:
   65 hlist, 6 vlist, 21 rule, 6 local_par, 4 math, 34 glue, 9 kern, 6 penalty, 2 glyph, 249 attribute, 64 glue_spec, 130 attribute_list, 2 write, 24 pdf_literal, 2 pdf_action, 40 pdf_colorstack, 1 pdf_setmatrix, 1 pdf_save, 1 pdf_restore nodes
   avail lists: 1:5,2:7948,3:768,4:820,5:7721,6:236,7:19672,8:80,9:13872,10:16,11:865
 63244 multiletter control sequences out of 65536+600000
 122 fonts using 17681135 bytes
 122i,21n,135p,11272b,1115s stack positions out of 10000i,1000n,20000p,200000b,200000s
</nix/store/x8l0kd8xafjb9f0w32s0yjy3n66jr2i4-xcharter-1.26-tex/fonts/opentype/public/xcharter/XCharter-Italic.otf></nix/store/46cm4s2yjrlqhwdswp8bg41kprgxw59q-texlive-2025-r78234-final-env-texmfdist/fonts/opentype/google/roboto/RobotoMono-Regular.otf></nix/store/x8l0kd8xafjb9f0w32s0yjy3n66jr2i4-xcharter-1.26-tex/fonts/opentype/public/xcharter/XCharter-Bold.otf></nix/store/46cm4s2yjrlqhwdswp8bg41kprgxw59q-texlive-2025-r78234-final-env-texmfdist/fonts/opentype/google/roboto/Roboto-Regular.otf></nix/store/x8l0kd8xafjb9f0w32s0yjy3n66jr2i4-xcharter-1.26-tex/fonts/opentype/public/xcharter/XCharter-Roman.otf></nix/store/46cm4s2yjrlqhwdswp8bg41kprgxw59q-texlive-2025-r78234-final-env-texmfdist/fonts/opentype/google/roboto/Roboto-Bold.otf></nix/store/46cm4s2yjrlqhwdswp8bg41kprgxw59q-texlive-2025-r78234-final-env-texmfdist/fonts/type1/public/amsfonts/cm/cmmi9.pfb></nix/store/46cm4s2yjrlqhwdswp8bg41kprgxw59q-texlive-2025-r78234-final-env-texmfdist/fonts/type1/public/amsfonts/cm/cmr9.pfb></nix/store/46cm4s2yjrlqhwdswp8bg41kprgxw59q-texlive-2025-r78234-final-env-texmfdist/fonts/type1/public/amsfonts/cm/cmsy9.pfb>
Output written on main.pdf (16 pages, 1508978 bytes).

PDF statistics: 464 PDF objects out of 1000 (max. 8388607)
 364 compressed objects within 4 object streams
 126 named destinations out of 1000 (max. 131072)
 480 words of extra memory for PDF output out of 10000 (max. 100000000)

